ID,Character,Race/ethnicity,"Race/ethnicity ID",Gender,"Gender ID",Species,"Species ID",Age,"Age ID",Sexuality,"Sexuality ID"
3263,"Patrick (Sight)",White,2000216,Male,2000149,Human,2000219,Adult,2000227,Heterosexual,2000999
3262,"Daphne W (Sight)",White,2000216,Female,2000148,Human,2000219,Adult,2000227,Heterosexual,2000999
3257,"Jason Hatta",Unknown,2000217,Male,2000149,Human,2000219,Adult,2000227,Heterosexual,2000999
3254,Regina,Unknown,2000217,Female,2000148,Human,2000219,Adult,2000227,Unknown,20001506
3251,Emily,White,2000216,Female,2000148,Machine,2000220,Adult,2000227,Heterosexual,2000999
3247,A2,White,2000216,Female,2000148,Machine,2000220,Adult,2000227,Unknown,20001506
3240,"Imran Zakhaev",Unknown,2000217,Male,2000149,Human,2000219,Adult,2000227,Unknown,20001506
3239,"Lt. John Price",White,2000216,Male,2000149,Human,2000219,Adult,2000227,Unknown,20001506
3237,"Unnamed battlebot",Unknown,2000217,Unknown,2000151,Machine,2000220,Adult,2000227,Unknown,20001506
3232,"Sim (The Sims 4)",Unknown,2000217,Unknown,2000151,Unknown,20001917,Unknown,20001918,Unknown,20001506
3231,"Narrator (Expression captioner)",White,2000216,Male,2000149,Human,2000219,Adult,2000227,Unknown,20001506
3230,"Narrator (Facial Features Not Recognized)",Unknown,2000217,Male,2000149,Human,2000219,Adult,2000227,Unknown,20001506
3229,Avina,Unknown,2000217,Female,2000148,Machine,2000220,Adult,2000227,Unknown,20001506
3224,"Robot doll (Squid Game)",Unknown,2000217,Female,2000148,Machine,2000220,Child,2000224,Unknown,20001506
3223,"Gi-hun Seong",Asian,2000323,Male,2000149,Human,2000219,Adult,2000227,Heterosexual,2000999
3217,Niki,White,2000216,"Non-binary or Other",2000150,Human,2000219,"Young Adult",2000225,Unknown,20001506
3214,"The Mother (Klara and the Sun)",Unknown,2000217,Female,2000148,Human,2000219,Adult,2000227,Heterosexual,2000999
3213,Klara,Unknown,2000217,Female,2000148,Machine,2000220,"Young Adult",2000225,Unknown,20001506
3206,"Woman with smartphone (Deep Down Tidal)",Black,2000310,Female,2000148,Human,2000219,Adult,2000227,Unknown,20001506
3192,Zizi,Unknown,2000217,"Non-binary or Other",2000150,Human,2000219,Adult,2000227,Unknown,20001506
3191,"Drag Artists (The Zizi Show)",Unknown,2000217,"Non-binary or Other",2000150,Human,2000219,Adult,2000227,Unknown,20001506
3187,"Saudi and Iraqi ancestors",Indigenous,2000214,Unknown,2000151,Human,2000219,Unknown,20001918,Unknown,20001506
3172,Argus,Black,2000310,Male,2000149,Human,2000219,Adult,2000227,Unknown,20001506
3160,"Hackers (Black Mirror)",Unknown,2000217,Unknown,2000151,Human,2000219,Unknown,20001918,Unknown,20001506
3155,"Jake (Someone to Watch Over Me)",Unknown,2000217,Male,2000149,Human,2000219,Adult,2000227,Heterosexual,2000999
3154,"Becky (Someone to Watch Over Me)",Unknown,2000217,Female,2000148,Human,2000219,Child,2000224,Unknown,20001506
3152,"""Nakeema Stefflbauer""",Black,2000310,Female,2000148,Human,2000219,Adult,2000227,Unknown,20001506
3144,"Bri-Bri (No More Selfies)",Unknown,2000217,Male,2000149,Human,2000219,Adult,2000227,Heterosexual,2000999
3141,Eliasz,Unknown,2000217,Male,2000149,Human,2000219,Adult,2000227,Heterosexual,2000999
3139,Paladin,Unknown,2000217,"Trans Woman",20001194,Cyborg,2000221,Adult,2000227,Heterosexual,2000999
3136,"Natasha Romanoff (The Black Widow)",White,2000216,Female,2000148,Human,2000219,Adult,2000227,Heterosexual,2000999
3135,Taskmaster,White,2000216,Female,2000148,Human,2000219,Adult,2000227,Unknown,20001506
3133,"Steel Brother",Unknown,2000217,Male,2000149,Machine,2000220,Adult,2000227,Unknown,20001506
3131,Sankofa,Black,2000310,Female,2000148,Human,2000219,Child,2000224,Unknown,20001506
3124,"Masha Maximow",White,2000216,Female,2000148,Human,2000219,Adult,2000227,Unknown,20001506
3123,"Nithya Balachandran","Person of Colour",2000215,Female,2000148,Human,2000219,Adult,2000227,Heterosexual,2000999
3118,"Welga (Olga Ramírez)","Person of Colour",2000215,Female,2000148,Human,2000219,Adult,2000227,Heterosexual,2000999
3114,"Barney Calhoun",Unknown,2000217,Male,2000149,Human,2000219,Adult,2000227,Unknown,20001506
3113,"Gordon Freeman",White,2000216,Male,2000149,Human,2000219,Adult,2000227,Unknown,20001506
3111,"Norman Jayden",White,2000216,Male,2000149,Human,2000219,Adult,2000227,Unknown,20001506
3107,"Johnny Silverhand",White,2000216,Male,2000149,Machine,2000220,Adult,2000227,Heterosexual,2000999
3105,"Alt Cunningham",White,2000216,Female,2000148,Machine,2000220,Adult,2000227,Heterosexual,2000999
3101,"Miles Kilo",White,2000216,Male,2000149,Cyborg,2000221,Adult,2000227,Unknown,20001506
3100,"Chad Mulligan",White,2000216,Male,2000149,Human,2000219,Adult,2000227,Unknown,20001506
3099,"Trevor Philips",Unknown,2000217,Male,2000149,Human,2000219,Adult,2000227,Unknown,20001506
3098,"Franklin Clinton",Black,2000310,Male,2000149,Human,2000219,Adult,2000227,Unknown,20001506
3096,"Robert ""Red"" Ramsey",White,2000216,Male,2000149,Human,2000219,Adult,2000227,Unknown,20001506
3094,"Cole Black",Unknown,2000217,Male,2000149,Human,2000219,Adult,2000227,Unknown,20001506
3086,"Huangyan (Yellow Eye)",Asian,2000323,Male,2000149,Human,2000219,Adult,2000227,Heterosexual,2000999
3084,"Sexy woman (Ayo Technology)",White,2000216,Female,2000148,Human,2000219,Adult,2000227,Heterosexual,2000999
3079,"Peter Riviera",Unknown,2000217,Male,2000149,Human,2000219,Adult,2000227,Heterosexual,2000999
3074,"Sara/Scott Ryder",White,2000216,Unknown,2000151,Human,2000219,Adult,2000227,Unknown,20001506
3073,"Jack ""Pulse"" Estrada",White,2000216,Male,2000149,Human,2000219,Adult,2000227,Unknown,20001506
3071,"Chul Kyung ""Vigil"" Hwa",Asian,2000323,Male,2000149,Human,2000219,Adult,2000227,Unknown,20001506
3070,Nøkk,Unknown,2000217,Female,2000148,Human,2000219,Adult,2000227,Unknown,20001506
3064,Mattie,White,2000216,Female,2000148,Human,2000219,Adult,2000227,Unknown,20001506
3061,"Aria ""Alibi"" de Luca",Complex,2000324,Female,2000148,Human,2000219,Adult,2000227,Unknown,20001506
3060,"Nienke ""Iana"" Meijer",Unknown,2000217,Female,2000148,Human,2000219,Adult,2000227,Unknown,20001506
3059,"Ryad Ramírez ""Jackal"" Al-Hassar",Unknown,2000217,Male,2000149,Human,2000219,Adult,2000227,Unknown,20001506
3056,"Sao Paulo citizens",Unknown,2000217,Unknown,2000151,Human,2000219,Unknown,20001918,Unknown,20001506
3055,"Timur ""Glaz"" Glazkov",Unknown,2000217,Male,2000149,Human,2000219,Adult,2000227,Unknown,20001506
3053,"Mechanical Turk Workers (selfiecity)",Unknown,2000217,Unknown,2000151,Human,2000219,Adult,2000227,Unknown,20001506
3045,"Katie's dog",Unknown,2000217,Unknown,2000151,Animal,2000222,Unknown,20001918,Unknown,20001506
3032,Katie,White,2000216,Female,2000148,Human,2000219,"Young Adult",2000225,Homosexual,20001199
3027,SHN,Unknown,2000217,Unknown,2000151,Machine,2000220,Adult,2000227,Unknown,20001506
3025,"Anna Agarwal",Unknown,2000217,Female,2000148,Human,2000219,Adult,2000227,Homosexual,20001199
3022,Beacon,Unknown,2000217,Unknown,2000151,Machine,2000220,Adult,2000227,Unknown,20001506
3021,"Amber Rose 348",Unknown,2000217,Male,2000149,Machine,2000220,Adult,2000227,Heterosexual,2000999
3004,"Lydia (State of Mind)",White,2000216,Female,2000148,Human,2000219,Adult,2000227,Heterosexual,2000999
3002,"Angela (State of Mind)",White,2000216,Female,2000148,Human,2000219,Adult,2000227,Unknown,20001506
3000,"Kevin's wife (Solar Opposites)",White,2000216,Female,2000148,Human,2000219,Adult,2000227,Heterosexual,2000999
2999,"Kevin (Solar Opposites)",White,2000216,Male,2000149,Human,2000219,Adult,2000227,Heterosexual,2000999
2998,"Men with man caves (Solar Opposites)",Unknown,2000217,Male,2000149,Human,2000219,Adult,2000227,Unknown,20001506
2994,"Jesse (Solar Opposites)",Unknown,2000217,"Non-binary or Other",2000150,Fictional,2000223,"Young Adult",2000225,Unknown,20001506
2993,"Terry (Solar Opposites)",Unknown,2000217,Male,2000149,Fictional,2000223,Adult,2000227,Unknown,20001506
2992,Korvo,Unknown,2000217,Male,2000149,Fictional,2000223,Adult,2000227,Unknown,20001506
2991,P.A.T.R.I.C.I.A.,White,2000216,Female,2000148,Machine,2000220,Adult,2000227,Unknown,20001506
2982,"AMT workers (Assembly Line)",Unknown,2000217,Unknown,2000151,Human,2000219,Adult,2000227,Unknown,20001506
2965,"Animal Robots (Simpsons)",Unknown,2000217,Unknown,2000151,Machine,2000220,Unknown,20001918,Unknown,20001506
2964,"Interviewed Young Adults (3%)",Unknown,2000217,Unknown,2000151,Human,2000219,"Young Adult",2000225,Unknown,20001506
2963,"Animals (The Last Human)",Unknown,2000217,Unknown,2000151,Animal,2000222,Unknown,20001918,Unknown,20001506
2962,"Endangered Bird (STET)",Unknown,2000217,Unknown,2000151,Animal,2000222,Unknown,20001918,Unknown,20001506
2960,"Mae's parents",White,2000216,Unknown,2000151,Human,2000219,Elderly,2000226,Heterosexual,2000999
2957,Renata,Unknown,2000217,Female,2000148,Human,2000219,Adult,2000227,Unknown,20001506
2956,"Alan Hakman",White,2000216,Male,2000149,Human,2000219,Adult,2000227,Heterosexual,2000999
2953,"Mrs Munroe",White,2000216,Female,2000148,Human,2000219,Elderly,2000226,Heterosexual,2000999
2951,"Girl (The Final Cut)",Unknown,2000217,Female,2000148,Human,2000219,"Young Adult",2000225,Unknown,20001506
2947,"Hitomi Yoshida",Unknown,2000217,Female,2000148,Human,2000219,Adult,2000227,Heterosexual,2000999
2946,"Riva Karnovsky",Unknown,2000217,Female,2000148,Human,2000219,Adult,2000227,Heterosexual,2000999
2942,Beth,White,2000216,Female,2000148,Human,2000219,Adult,2000227,Heterosexual,2000999
2941,Ffion,White,2000216,Female,2000148,Human,2000219,Adult,2000227,Heterosexual,2000999
2933,"Leo (URME)",White,2000216,Male,2000149,Human,2000219,Adult,2000227,Unknown,20001506
2930,"Man (...som duften av en drøm...)",Unknown,2000217,Male,2000149,Human,2000219,Adult,2000227,Heterosexual,2000999
2929,"Victim (Rugal)",Asian,2000323,Male,2000149,Human,2000219,Adult,2000227,Unknown,20001506
2927,Zane,White,2000216,Male,2000149,Human,2000219,Adult,2000227,Other,20001823
2925,"Hwang Deuk-Gu",Asian,2000323,Male,2000149,Human,2000219,Adult,2000227,Unknown,20001506
2924,"Memo Cruz's Father","Person of Colour",2000215,Male,2000149,Human,2000219,Adult,2000227,Unknown,20001506
2923,"Memo Cruz","Person of Colour",2000215,Male,2000149,Human,2000219,"Young Adult",2000225,Unknown,20001506
2921,"PEC goverment offical","Person of Colour",2000215,Male,2000149,Human,2000219,Adult,2000227,Unknown,20001506
2920,Lucía,White,2000216,Female,2000148,Human,2000219,Adult,2000227,Unknown,20001506
2919,"Sonya Safronova",White,2000216,Female,2000148,Human,2000219,Child,2000224,Unknown,20001506
2918,"Alla Safronova",White,2000216,Female,2000148,Human,2000219,Adult,2000227,Unknown,20001506
2916,"Men in board room (Better Than Us)",White,2000216,Male,2000149,Human,2000219,Adult,2000227,Unknown,20001506
2914,"Hunted Child (2033: La Ilusión de un Futuro Mejor)","Person of Colour",2000215,Male,2000149,Human,2000219,Child,2000224,Unknown,20001506
2913,"Hunted Father (2033: La Ilusión de un Futuro Mejor)","Person of Colour",2000215,Male,2000149,Human,2000219,Adult,2000227,Unknown,20001506
2911,Pablo,White,2000216,Male,2000149,Human,2000219,Adult,2000227,Unknown,20001506
2910,Kenzo,White,2000216,Male,2000149,Human,2000219,Adult,2000227,Unknown,20001506
2909,"James Holden",White,2000216,Male,2000149,Human,2000219,Adult,2000227,Heterosexual,2000999
2907,"A.I. (The Social Dilemma)",White,2000216,Male,2000149,Machine,2000220,Adult,2000227,Unknown,20001506
2901,"Adam Newman",White,2000216,Male,2000149,Machine,2000220,Adult,2000227,Heterosexual,2000999
2900,"Richard Nolan",White,2000216,Male,2000149,Human,2000219,Adult,2000227,Heterosexual,2000999
2899,"Lieutenant Joshi",White,2000216,Female,2000148,Human,2000219,Adult,2000227,Unknown,20001506
2897,"John Wyles",White,2000216,Male,2000149,Human,2000219,Elderly,2000226,Heterosexual,2000999
2896,"Dr. Eva Rosalene",Black,2000310,Female,2000148,Human,2000219,Adult,2000227,Unknown,20001506
2895,"Dr. Neil Watts",White,2000216,Male,2000149,Human,2000219,Adult,2000227,Unknown,20001506
2891,"Martin Symborski",White,2000216,Male,2000149,Human,2000219,Adult,2000227,Unknown,20001506
2890,"Katya Kozlova",White,2000216,Female,2000148,Human,2000219,Adult,2000227,Unknown,20001506
2889,"Angel (Blade Runner 2049)",White,2000216,Female,2000148,Human,2000219,Adult,2000227,Unknown,20001506
2887,"Ellery Vas",Unknown,2000217,Female,2000148,Human,2000219,Unknown,20001918,Unknown,20001506
2886,"AC-130 TV operator",Unknown,2000217,Male,2000149,Human,2000219,Unknown,20001918,Unknown,20001506
2881,"John ""Soap"" MacTavish",White,2000216,Male,2000149,Human,2000219,Adult,2000227,Unknown,20001506
2878,"Agents (Satellite Reign)",Unknown,2000217,Unknown,2000151,Machine,2000220,Adult,2000227,Unknown,20001506
2873,"Agent Roy Merritt",White,2000216,Male,2000149,Human,2000219,Adult,2000227,Heterosexual,2000999
2870,"Charles Mosely",Black,2000310,Male,2000149,Human,2000219,Adult,2000227,Heterosexual,2000999
2868,"Marcus Yallow",Unknown,2000217,Male,2000149,Human,2000219,"Young Adult",2000225,Heterosexual,2000999
2863,Greyson,"Person of Colour",2000215,Male,2000149,Human,2000219,"Young Adult",2000225,Unknown,20001506
2860,"Rowan Damish","Person of Colour",2000215,Male,2000149,Human,2000219,"Young Adult",2000225,Heterosexual,2000999
2858,"Citra Terranova/Scythe Anastasia","Person of Colour",2000215,Female,2000148,Human,2000219,"Young Adult",2000225,Heterosexual,2000999
2857,Thunderhead,Unknown,2000217,Unknown,2000151,Machine,2000220,Adult,2000227,Unknown,20001506
2855,"Francis Pritchard",White,2000216,Male,2000149,Human,2000219,Adult,2000227,Unknown,20001506
2854,"Adam Jensen",White,2000216,Male,2000149,Cyborg,2000221,Adult,2000227,Unknown,20001506
2851,"Iconic Black Woman",Black,2000310,Female,2000148,Human,2000219,Adult,2000227,Unknown,20001506
2848,"Nova Terra",White,2000216,Female,2000148,Human,2000219,Adult,2000227,Unknown,20001506
2846,"Akihabara (NAMAHAGE in Tokyo)",Asian,2000323,Male,2000149,Human,2000219,"Young Adult",2000225,Unknown,20001506
2844,"Valerian Mengsk",White,2000216,Male,2000149,Human,2000219,Adult,2000227,Unknown,20001506
2843,"Jim Raynor",White,2000216,Male,2000149,Human,2000219,Adult,2000227,Heterosexual,2000999
2842,"Arcturus Mengsk",White,2000216,Male,2000149,Human,2000219,Adult,2000227,Unknown,20001506
2839,"Unnamed android (The Talos Principle)",Unknown,2000217,Unknown,2000151,Machine,2000220,Unknown,20001918,Unknown,20001506
2838,"Gangsters (Security Cameras)",Black,2000310,Male,2000149,Human,2000219,Adult,2000227,Unknown,20001506
2830,"""3D Binna Choi""",Asian,2000323,Female,2000148,Human,2000219,Adult,2000227,Unknown,20001506
2829,"The Mauler Twins",Unknown,2000217,Male,2000149,Fictional,2000223,Unknown,20001918,Unknown,20001506
2827,"The (new) Guardians of the Globe",Unknown,2000217,Unknown,2000151,Unknown,20001917,Unknown,20001918,Unknown,20001506
2826,"Global Defense Agency",White,2000216,Male,2000149,Human,2000219,Adult,2000227,Unknown,20001506
2818,X-Men,Unknown,2000217,Unknown,2000151,Fictional,2000223,Unknown,20001918,Unknown,20001506
2816,Vision,Unknown,2000217,Male,2000149,Machine,2000220,Adult,2000227,Unknown,20001506
2815,"James Rhodes",Black,2000310,Male,2000149,Human,2000219,Adult,2000227,Unknown,20001506
2814,"Mark Grayson",Complex,2000324,Male,2000149,Fictional,2000223,"Young Adult",2000225,Heterosexual,2000999
2813,"Robot (Invincible)",Unknown,2000217,Male,2000149,Machine,2000220,Unknown,20001918,Unknown,20001506
2808,"Moff Gideon",Complex,2000324,Male,2000149,Human,2000219,Adult,2000227,Unknown,20001506
2801,"Edward (The Peripheral)",Black,2000310,Male,2000149,Human,2000219,Adult,2000227,Homosexual,20001199
2797,Verity,White,2000216,Female,2000148,Human,2000219,Adult,2000227,Heterosexual,2000999
2796,Eunice/UNISS,Black,2000310,Female,2000148,Machine,2000220,Adult,2000227,Unknown,20001506
2794,"Dalton Woolfe",White,2000216,Male,2000149,Human,2000219,Adult,2000227,Unknown,20001506
2792,"Sabine Brandt",White,2000216,Female,2000148,Human,2000219,Adult,2000227,Unknown,20001506
2789,Holston,Unknown,2000217,Male,2000149,Human,2000219,Adult,2000227,Heterosexual,2000999
2787,Bagley,Unknown,2000217,Male,2000149,Machine,2000220,Unknown,20001918,Unknown,20001506
2786,"DedSec Operative",Unknown,2000217,Unknown,2000151,Human,2000219,Unknown,20001918,Unknown,20001506
2782,Compis,Unknown,2000217,Male,2000149,Machine,2000220,"Young Adult",2000225,Unknown,20001506
2780,Fredrik,Unknown,2000217,Male,2000149,Human,2000219,"Young Adult",2000225,Unknown,20001506
2779,Leo,White,2000216,Male,2000149,Human,2000219,"Young Adult",2000225,Unknown,20001506
2777,"Gideon DeKalb's mother",Unknown,2000217,Female,2000148,Human,2000219,Adult,2000227,Unknown,20001506
2775,"Gideon DeKalb",White,2000216,Female,2000148,Human,2000219,"Young Adult",2000225,Unknown,20001506
2773,"Unknown woman (The Rain)",White,2000216,Female,2000148,Human,2000219,Adult,2000227,Heterosexual,2000999
2770,"The Operator (Lifeline)",Unknown,2000217,Male,2000149,Human,2000219,Adult,2000227,Heterosexual,2000999
2768,"Anthony Lund",White,2000216,Male,2000149,Human,2000219,Adult,2000227,Heterosexual,2000999
2767,Alfred,White,2000216,Male,2000149,Human,2000219,Elderly,2000226,Unknown,20001506
2765,"Simon Stagg",White,2000216,Male,2000149,Human,2000219,Adult,2000227,Unknown,20001506
2762,"""Max Dovey""",White,2000216,Male,2000149,Human,2000219,Adult,2000227,Unknown,20001506
2759,"Soldiers (Interface)",Unknown,2000217,Male,2000149,Human,2000219,Adult,2000227,Unknown,20001506
2758,"Suspect (Interface)",Unknown,2000217,Male,2000149,Human,2000219,Adult,2000227,Unknown,20001506
2756,"Consumer (Belief Systems)",White,2000216,Female,2000148,Human,2000219,Adult,2000227,Unknown,20001506
2754,"Deep Face Dude",White,2000216,Male,2000149,Human,2000219,Unknown,20001918,Unknown,20001506
2753,Nannybot,White,2000216,Female,2000148,Machine,2000220,Adult,2000227,Unknown,20001506
2752,"Female Device Users",Unknown,2000217,Female,2000148,Human,2000219,Adult,2000227,Unknown,20001506
2751,"Animals (Encounters)",Unknown,2000217,Unknown,2000151,Animal,2000222,Unknown,20001918,Unknown,20001506
2750,Darren,White,2000216,Male,2000149,Human,2000219,"Young Adult",2000225,Unknown,20001506
2748,"Doctor (Seed)",Black,2000310,Male,2000149,Human,2000219,Adult,2000227,Unknown,20001506
2747,"Security company (Seed)",White,2000216,Unknown,2000151,Human,2000219,Adult,2000227,Unknown,20001506
2745,"Human children",Unknown,2000217,Unknown,2000151,Human,2000219,Child,2000224,Unknown,20001506
2744,"""Doug Rosman""",White,2000216,Male,2000149,Human,2000219,Adult,2000227,Unknown,20001506
2743,"White Collar Criminal",White,2000216,Male,2000149,Human,2000219,Adult,2000227,Unknown,20001506
2742,"""Bill Hader""",White,2000216,Male,2000149,Human,2000219,Adult,2000227,Unknown,20001506
2736,"Asylum patients (Outlast)",Unknown,2000217,Male,2000149,Fictional,2000223,Adult,2000227,Unknown,20001506
2735,Animatrons,Unknown,2000217,Unknown,2000151,Machine,2000220,Unknown,20001918,Unknown,20001506
2734,"Machine animals",Unknown,2000217,Unknown,2000151,Machine,2000220,Unknown,20001918,Unknown,20001506
2733,"Red Girls",White,2000216,"Non-binary or Other",2000150,Machine,2000220,Child,2000224,Unknown,20001506
2731,9S,White,2000216,Male,2000149,Machine,2000220,Adult,2000227,Unknown,20001506
2730,"Natali Kuroshenko",White,2000216,Female,2000148,Human,2000219,Adult,2000227,Homosexual,20001199
2728,"Corporal Mandy Bale","Person of Colour",2000215,Female,2000148,Human,2000219,Adult,2000227,Unknown,20001506
2725,"Captain Leo",Black,2000310,Male,2000149,Machine,2000220,Adult,2000227,Unknown,20001506
2724,"Lt. Thomas Harp",Black,2000310,Male,2000149,Human,2000219,Adult,2000227,Heterosexual,2000999
2720,"Daniel Lyons",White,2000216,Male,2000149,Human,2000219,Adult,2000227,Homosexual,20001199
2718,South,White,2000216,Male,2000149,Human,2000219,Adult,2000227,Unknown,20001506
2713,Chloe,White,2000216,Female,2000148,Human,2000219,Child,2000224,Unknown,20001506
2708,"William Daniels",Indigenous,2000214,Male,2000149,Human,2000219,Adult,2000227,Heterosexual,2000999
2699,Oz,Asian,2000323,Male,2000149,Cyborg,2000221,Adult,2000227,Unknown,20001506
2698,"Jim Compagnoni",White,2000216,Male,2000149,Human,2000219,Adult,2000227,Unknown,20001506
2692,"The Boy",Unknown,2000217,Male,2000149,Machine,2000220,Child,2000224,Unknown,20001506
2691,"The Man",White,2000216,Male,2000149,Human,2000219,Adult,2000227,Unknown,20001506
2685,"Alex Neville",White,2000216,Male,2000149,Human,2000219,"Young Adult",2000225,Unknown,20001506
2681,Shelly,Unknown,2000217,Female,2000148,Animal,2000222,Unknown,20001918,Unknown,20001506
2680,"Unknown hacker (Hyper reality)",Unknown,2000217,Unknown,2000151,Human,2000219,Unknown,20001918,Unknown,20001506
2678,"Juliana Restrepo","Person of Colour",2000215,Female,2000148,Human,2000219,Adult,2000227,Unknown,20001506
2674,Amber,White,2000216,Female,2000148,Human,2000219,Adult,2000227,Heterosexual,2000999
2673,Daniel,White,2000216,Male,2000149,Human,2000219,Adult,2000227,Heterosexual,2000999
2669,"Krissana Khongtip",Asian,2000323,Female,2000148,Cyborg,2000221,Adult,2000227,Homosexual,20001199
2668,"Orfea Leung",Asian,2000323,Female,2000148,Human,2000219,Adult,2000227,Homosexual,20001199
2662,Louisa,White,2000216,Female,2000148,Human,2000219,Adult,2000227,Unknown,20001506
2661,"Max robot",Unknown,2000217,Unknown,2000151,Machine,2000220,Unknown,20001918,Unknown,20001506
2660,Nigel,White,2000216,Male,2000149,Human,2000219,Elderly,2000226,Unknown,20001506
2658,Pig,Unknown,2000217,Unknown,2000151,Animal,2000222,Unknown,20001918,Unknown,20001506
2656,"Hungry Man",White,2000216,Male,2000149,Human,2000219,Adult,2000227,Unknown,20001506
2653,"Garm Galtung (Utbryterne)",White,2000216,Male,2000149,Human,2000219,Adult,2000227,Heterosexual,2000999
2641,"Noah (Utbryterne)",White,2000216,Male,2000149,Human,2000219,"Young Adult",2000225,Heterosexual,2000999
2639,"Unnamed technician (Gnomon)",Unknown,2000217,Male,2000149,Human,2000219,Adult,2000227,Unknown,20001506
2636,"""Incubus""",White,2000216,Male,2000149,Human,2000219,Adult,2000227,Unknown,20001506
2634,"Mielikki Neith (Gnomon)",Unknown,2000217,Female,2000148,Human,2000219,Adult,2000227,Unknown,20001506
2633,"Diana Hunter (Gnomon)",Unknown,2000217,Female,2000148,Human,2000219,Elderly,2000226,Unknown,20001506
2640,"Carla (Utbryterne)","Person of Colour",2000215,Female,2000148,Human,2000219,"Young Adult",2000225,Heterosexual,2000999
2629,"Scary Skull Cyborg",Unknown,2000217,Unknown,2000151,Cyborg,2000221,Unknown,20001918,Unknown,20001506
2627,"""Megadeath""",White,2000216,Male,2000149,Human,2000219,Adult,2000227,Unknown,20001506
2623,"Light Hope",Unknown,2000217,Female,2000148,Machine,2000220,Adult,2000227,Unknown,20001506
2621,Catra,Unknown,2000217,Female,2000148,Fictional,2000223,Adult,2000227,Unknown,20001506
2616,"Michael de Santa",White,2000216,Male,2000149,Human,2000219,Adult,2000227,Heterosexual,2000999
2610,"The Princesses",Unknown,2000217,Female,2000148,Fictional,2000223,Unknown,20001918,Unknown,20001506
2609,"The Horde",Unknown,2000217,Unknown,2000151,Unknown,20001917,Unknown,20001918,Unknown,20001506
2608,She-Ra/Adora,White,2000216,Female,2000148,Human,2000219,Adult,2000227,Unknown,20001506
2604,"Donna Hawthorne",White,2000216,Female,2000148,Human,2000219,Adult,2000227,Unknown,20001506
2603,"Fred (undercover cop)",White,2000216,Male,2000149,Human,2000219,Adult,2000227,Heterosexual,2000999
2600,"Bob Arctor",White,2000216,Male,2000149,Human,2000219,Adult,2000227,Heterosexual,2000999
2596,"Go Nan-do",Asian,2000323,Male,2000149,Human,2000219,Adult,2000227,Heterosexual,2000999
2591,"Go Yoo-jin",Asian,2000323,Female,2000148,Human,2000219,Adult,2000227,Unknown,20001506
2589,Superintelligence,Unknown,2000217,Male,2000149,Machine,2000220,Unknown,20001918,Unknown,20001506
2588,Carol,White,2000216,Female,2000148,Human,2000219,Adult,2000227,Heterosexual,2000999
2584,"User 2 (DOOR and BOX)",White,2000216,Male,2000149,Human,2000219,"Young Adult",2000225,Unknown,20001506
2583,"User 1 (DOOR and BOX)","Person of Colour",2000215,Female,2000148,Human,2000219,"Young Adult",2000225,Unknown,20001506
2572,Mitchell,White,2000216,Male,2000149,Human,2000219,Adult,2000227,Heterosexual,2000999
2568,"Amazon Mechanical Turk worker (Lacework)",Unknown,2000217,Unknown,2000151,Human,2000219,Adult,2000227,Unknown,20001506
2563,"Han So-Yeon",Asian,2000323,Female,2000148,Human,2000219,Adult,2000227,Unknown,20001506
2562,Holo,Asian,2000323,Male,2000149,Machine,2000220,Adult,2000227,Unknown,20001506
2560,Father,Black,2000310,Male,2000149,Machine,2000220,Adult,2000227,Unknown,20001506
2558,Otho,Unknown,2000217,Male,2000149,Human,2000219,Adult,2000227,Unknown,20001506
2557,Tempest,Black,2000310,Female,2000148,Human,2000219,"Young Adult",2000225,Unknown,20001506
2550,"Campion Sturges",White,2000216,Male,2000149,Human,2000219,Adult,2000227,Unknown,20001506
2548,"Rudolf Blodstrupmoen",White,2000216,Male,2000149,Human,2000219,Adult,2000227,Unknown,20001506
2547,"Reodor Felgen",White,2000216,Male,2000149,Human,2000219,Adult,2000227,Unknown,20001506
2540,"Adrian Griffin",White,2000216,Male,2000149,Human,2000219,Adult,2000227,Heterosexual,2000999
2539,"Cecilia Kass",White,2000216,Female,2000148,Human,2000219,Adult,2000227,Heterosexual,2000999
2534,"Strangers (Digital Skin)",Unknown,2000217,Unknown,2000151,Human,2000219,Adult,2000227,Unknown,20001506
2530,Atari,Asian,2000323,Male,2000149,Human,2000219,Child,2000224,Unknown,20001506
2522,Ursula,Unknown,2000217,Female,2000148,Human,2000219,Child,2000224,Unknown,20001506
2517,Ben,White,2000216,Male,2000149,Human,2000219,"Young Adult",2000225,Heterosexual,2000999
2515,"Enemies (Raised by Wolves)",Unknown,2000217,Unknown,2000151,Human,2000219,Adult,2000227,Unknown,20001506
2514,"Children (Raised by Wolves)",Unknown,2000217,Unknown,2000151,Human,2000219,Child,2000224,Unknown,20001506
2511,"Cutter Colby",Black,2000310,Female,2000148,Human,2000219,Adult,2000227,Unknown,20001506
2510,"Lucky 13",Unknown,2000217,Unknown,2000151,Machine,2000220,Unknown,20001918,Unknown,20001506
2509,"Thug (Cyberpunk 2077)",Unknown,2000217,Male,2000149,Human,2000219,Adult,2000227,Unknown,20001506
2507,"Holographic Fight Host",White,2000216,Male,2000149,Human,2000219,Adult,2000227,Unknown,20001506
2504,Suzy,White,2000216,Female,2000148,Human,2000219,Adult,2000227,Unknown,20001506
2501,"Valin Hess",White,2000216,Male,2000149,Human,2000219,Adult,2000227,Unknown,20001506
2500,"Migs Mayfield",White,2000216,Male,2000149,Human,2000219,Adult,2000227,Unknown,20001506
2499,"Din Djarin",Complex,2000324,Male,2000149,Human,2000219,Adult,2000227,Unknown,20001506
2497,"Box robot (Love, Death & Robots)",Unknown,2000217,Female,2000148,Machine,2000220,Unknown,20001918,Unknown,20001506
2496,"Small robot (Love, Death & Robots)",Unknown,2000217,Male,2000149,Machine,2000220,Unknown,20001918,Unknown,20001506
2495,"Humanoid robot (Love, Death & Robots)",Unknown,2000217,Male,2000149,Machine,2000220,Unknown,20001918,Unknown,20001506
2494,"Life coach (Cyberpunk 2077)",Asian,2000323,Male,2000149,Unknown,20001917,Adult,2000227,Unknown,20001506
2486,"Wu Lo (Bouvetøya 2052)",Asian,2000323,Male,2000149,Human,2000219,Adult,2000227,Unknown,20001506
2483,"Julian Makowski",White,2000216,Male,2000149,Human,2000219,Child,2000224,Unknown,20001506
2479,"Armin (Bouvetøya 2052)",Unknown,2000217,Male,2000149,Human,2000219,Adult,2000227,Heterosexual,2000999
2478,"Grol (Bouvetøya 2052)",Unknown,2000217,Male,2000149,Human,2000219,Adult,2000227,Unknown,20001506
2474,Viktor,White,2000216,Male,2000149,Cyborg,2000221,Adult,2000227,Unknown,20001506
2473,V,Unknown,2000217,Unknown,2000151,Cyborg,2000221,Adult,2000227,Unknown,20001506
2467,"Emma human",Unknown,2000217,Female,2000148,Human,2000219,"Young Adult",2000225,Unknown,20001506
2464,XR_935,Unknown,2000217,Unknown,2000151,Machine,2000220,Unknown,20001918,Unknown,20001506
2461,"Elders (... som duften av en drøm)",Unknown,2000217,Unknown,2000151,Human,2000219,Elderly,2000226,Unknown,20001506
2460,"Reader (... som duften av en drøm)",Unknown,2000217,Unknown,2000151,Human,2000219,Adult,2000227,Unknown,20001506
2452,"Hologram lady (Too much)",Black,2000310,Female,2000148,Machine,2000220,Adult,2000227,Unknown,20001506
2451,"""Marshmello""",Unknown,2000217,Unknown,2000151,Machine,2000220,Unknown,20001918,Unknown,20001506
2450,"""Usher""",Black,2000310,Male,2000149,Human,2000219,Adult,2000227,Unknown,20001506
2445,"Katarina Berg",White,2000216,Female,2000148,Human,2000219,Adult,2000227,Unknown,20001506
2439,"Guard (Rugal)",Asian,2000323,Male,2000149,Human,2000219,Adult,2000227,Unknown,20001506
2435,Bradley,Asian,2000323,Male,2000149,Human,2000219,Adult,2000227,Unknown,20001506
2430,Dust,Complex,2000324,Unknown,2000151,Fictional,2000223,Unknown,20001918,Unknown,20001506
2429,"Mary Malone",White,2000216,Female,2000148,Human,2000219,Adult,2000227,Unknown,20001506
2428,"Lyra Silvertongue",White,2000216,Female,2000148,Human,2000219,"Young Adult",2000225,Unknown,20001506
2421,"Alex Kamal",Complex,2000324,Male,2000149,Human,2000219,Adult,2000227,Heterosexual,2000999
2420,"Josephus Miller",White,2000216,Male,2000149,Human,2000219,Adult,2000227,Heterosexual,2000999
2414,"Naomi Nagata",Complex,2000324,Female,2000148,Human,2000219,Adult,2000227,Heterosexual,2000999
2407,"Three high-school aged girls (The Fall)",Unknown,2000217,Female,2000148,Human,2000219,"Young Adult",2000225,Unknown,20001506
2404,"Sophia (Fall)",Black,2000310,Female,2000148,Human,2000219,Adult,2000227,Heterosexual,2000999
2400,Subramanian,Asian,2000323,Female,2000148,Human,2000219,Adult,2000227,Heterosexual,2000999
2399,"Bhaskara Poduva",Asian,2000323,Male,2000149,Human,2000219,Elderly,2000226,Unknown,20001506
2398,Kunjappan,Unknown,2000217,Unknown,2000151,Machine,2000220,Unknown,20001918,Unknown,20001506
2394,"Srivalli's little brother",Asian,2000323,Male,2000149,Human,2000219,Child,2000224,Unknown,20001506
2392,Verma,Asian,2000323,Male,2000149,Human,2000219,Adult,2000227,Unknown,20001506
2391,Srivalli,Asian,2000323,Female,2000148,Human,2000219,Adult,2000227,Bi-sexual,20001174
2380,"The Physiologist (Cosmodrama)",White,2000216,Female,2000148,Human,2000219,Adult,2000227,Bi-sexual,20001174
2379,"Monkey (Cosmodrama)",Unknown,2000217,Unknown,2000151,Animal,2000222,Adult,2000227,Unknown,20001506
2376,Psychologist,White,2000216,Male,2000149,Human,2000219,Adult,2000227,Unknown,20001506
2375,"La femme des ondes/ the woman from the waves (Cosmodrama)",White,2000216,Female,2000148,Human,2000219,Adult,2000227,Unknown,20001506
2374,"Astronomer (Cosmodrama)",White,2000216,Male,2000149,Human,2000219,Elderly,2000226,Unknown,20001506
2373,"Reporter (Cosmodrama)",White,2000216,Male,2000149,Human,2000219,Adult,2000227,Heterosexual,2000999
2369,"Pakshi Rajan/Birds",Unknown,2000217,Unknown,2000151,Fictional,2000223,Unknown,20001918,Unknown,20001506
2365,"Chitti the robot",Unknown,2000217,Male,2000149,Machine,2000220,Adult,2000227,Heterosexual,2000999
2364,"Nila the robot",Unknown,2000217,Female,2000148,Machine,2000220,Adult,2000227,Heterosexual,2000999
2363,"Dr. Vaseegaran",Asian,2000323,Male,2000149,Human,2000219,Adult,2000227,Unknown,20001506
2357,Gabriela,"Person of Colour",2000215,Female,2000148,Human,2000219,Adult,2000227,Unknown,20001506
2353,Grandmaster,White,2000216,Male,2000149,Fictional,2000223,Elderly,2000226,Unknown,20001506
2352,Thor,White,2000216,Male,2000149,Fictional,2000223,Adult,2000227,Heterosexual,2000999
2349,"Virtual friends (Best friend)",Unknown,2000217,Unknown,2000151,Machine,2000220,Adult,2000227,Unknown,20001506
2348,"Homeless man (Best friend)",White,2000216,Male,2000149,Human,2000219,Elderly,2000226,Unknown,20001506
2347,"Camille (Best friend)",White,2000216,Female,2000148,Machine,2000220,Adult,2000227,Unknown,20001506
2346,"Arthur (Best Friend)",White,2000216,Male,2000149,Human,2000219,Adult,2000227,Unknown,20001506
2337,"S.H.I.E.L.D. agents",Unknown,2000217,Unknown,2000151,Human,2000219,Adult,2000227,Unknown,20001506
2335,Hawkeye,White,2000216,Male,2000149,Human,2000219,Adult,2000227,Heterosexual,2000999
2334,Loki,White,2000216,Male,2000149,Fictional,2000223,Adult,2000227,Unknown,20001506
2331,"Agent Phil Coulson",White,2000216,Male,2000149,Human,2000219,Adult,2000227,Unknown,20001506
2328,"David 8",White,2000216,Male,2000149,Machine,2000220,Adult,2000227,Unknown,20001506
2324,"Peter Weyland",White,2000216,Male,2000149,Human,2000219,Elderly,2000226,Unknown,20001506
2319,"Space station/ship crew members",Unknown,2000217,Unknown,2000151,Human,2000219,Adult,2000227,Unknown,20001506
2318,"Dr. Elizabeth Shaw",White,2000216,Female,2000148,Human,2000219,Adult,2000227,Heterosexual,2000999
2314,"The Engineers (Prometheus)",Unknown,2000217,Male,2000149,Fictional,2000223,Adult,2000227,Unknown,20001506
2313,Cutter,White,2000216,Male,2000149,Human,2000219,Adult,2000227,Unknown,20001506
2312,Batou,White,2000216,Male,2000149,Human,2000219,Adult,2000227,Unknown,20001506
2311,Major,White,2000216,Female,2000148,Cyborg,2000221,Adult,2000227,Unknown,20001506
2308,"Dr. Ryan Stone",White,2000216,Female,2000148,Human,2000219,Adult,2000227,Unknown,20001506
2303,"Nurse Gerhad",Black,2000310,Female,2000148,Human,2000219,Adult,2000227,Unknown,20001506
2302,"Dr. Dyson Ido",White,2000216,Male,2000149,Human,2000219,Elderly,2000226,Heterosexual,2000999
2301,Alita,White,2000216,Female,2000148,Cyborg,2000221,Adult,2000227,Heterosexual,2000999
2293,Edit,White,2000216,Female,2000148,Human,2000219,"Young Adult",2000225,Unknown,20001506
2285,"Sleeping crew members (2001: A Space Odyssey)",Unknown,2000217,Unknown,2000151,Human,2000219,Adult,2000227,Unknown,20001506
2280,HAL,Unknown,2000217,Unknown,2000151,Machine,2000220,Unknown,20001918,Unknown,20001506
2279,"Dr. Frank Poole",White,2000216,Male,2000149,Human,2000219,Adult,2000227,Unknown,20001506
2278,"Dr. David Bowman",White,2000216,Male,2000149,Human,2000219,Adult,2000227,Unknown,20001506
2274,"Dr. Floyd's daughter",White,2000216,Female,2000148,Human,2000219,Child,2000224,Unknown,20001506
2273,"Dr. Heywood Floyd",White,2000216,Male,2000149,Human,2000219,Adult,2000227,Unknown,20001506
2264,"Gus Mancuso",Black,2000310,Male,2000149,Human,2000219,Elderly,2000226,Unknown,20001506
2263,"Aurora Lane",White,2000216,Female,2000148,Human,2000219,Adult,2000227,Heterosexual,2000999
2262,"Jim Preston",White,2000216,Male,2000149,Human,2000219,Adult,2000227,Heterosexual,2000999
2256,Scavengers,Unknown,2000217,Unknown,2000151,Human,2000219,Unknown,20001918,Unknown,20001506
2254,"Victoria “Vika” Olsen",White,2000216,Female,2000148,Human,2000219,Adult,2000227,Heterosexual,2000999
2253,"Jack Harper",White,2000216,Male,2000149,Human,2000219,Adult,2000227,Heterosexual,2000999
2245,"Annotator (Suspicious Behavior)",Unknown,2000217,Unknown,2000151,Human,2000219,Adult,2000227,,
2235,"Moritz Zimmermann",White,2000216,Male,2000149,Human,2000219,"Young Adult",2000225,Heterosexual,2000999
2228,"Paul Vanhove",White,2000216,Male,2000149,Human,2000219,Adult,2000227,Heterosexual,2000999
2227,"Esther Vanhove",White,2000216,Female,2000148,Human,2000219,Adult,2000227,Heterosexual,2000999
2218,Keaboka,Black,2000310,Male,2000149,Human,2000219,Adult,2000227,Unknown,20001506
2213,"Agent Smith",White,2000216,Male,2000149,Machine,2000220,Adult,2000227,Unknown,20001506
2212,"Narrator (Behind our irises)",Black,2000310,Female,2000148,Human,2000219,Adult,2000227,Heterosexual,2000999
2209,IAN,Asian,2000323,Male,2000149,Machine,2000220,Adult,2000227,Unknown,20001506
2202,Aline,"Person of Colour",2000215,Female,2000148,Human,2000219,Adult,2000227,Unknown,20001506
2201,Ezequiel,White,2000216,Male,2000149,Human,2000219,Adult,2000227,Heterosexual,2000999
2200,"Balem Abrasax",White,2000216,Male,2000149,Fictional,2000223,Adult,2000227,Unknown,20001506
2187,"Professor X",White,2000216,Male,2000149,Human,2000219,Adult,2000227,Unknown,20001506
2183,"Sentinels (X-Men: Days of Future Past)",Unknown,2000217,Unknown,2000151,Machine,2000220,Unknown,20001918,Unknown,20001506
2181,Mystique,White,2000216,Female,2000148,Human,2000219,Adult,2000227,Unknown,20001506
2173,"Captain Canady",White,2000216,Male,2000149,Human,2000219,Adult,2000227,Unknown,20001506
2172,"General Hux",White,2000216,Male,2000149,Human,2000219,Adult,2000227,Unknown,20001506
2164,C-3PO,Unknown,2000217,"Non-binary or Other",2000150,Machine,2000220,Unknown,20001918,Unknown,20001506
2163,R2-D2,Unknown,2000217,"Non-binary or Other",2000150,Machine,2000220,Unknown,20001918,Unknown,20001506
2161,Snoke,White,2000216,Male,2000149,Fictional,2000223,Elderly,2000226,Unknown,20001506
2160,"Luke Skywalker",White,2000216,Male,2000149,Human,2000219,Elderly,2000226,Heterosexual,2000999
2159,"Leia Skywalker Organa Solo",White,2000216,Female,2000148,Human,2000219,Elderly,2000226,Heterosexual,2000999
2157,"Han Solo",White,2000216,Male,2000149,Human,2000219,Elderly,2000226,Heterosexual,2000999
2155,Finn,Black,2000310,Male,2000149,Human,2000219,Adult,2000227,Heterosexual,2000999
2154,"Rey Skywalker",White,2000216,Female,2000148,Human,2000219,Adult,2000227,Heterosexual,2000999
2150,"Alexander Pierce",White,2000216,Male,2000149,Human,2000219,Adult,2000227,Unknown,20001506
2149,"Nick Fury",Black,2000310,Male,2000149,Human,2000219,Adult,2000227,Unknown,20001506
2141,Amaro,Black,2000310,Female,2000148,Human,2000219,Adult,2000227,Unknown,20001506
2138,"Pizza delivery boy",White,2000216,Male,2000149,Human,2000219,"Young Adult",2000225,Unknown,20001506
2136,"Bob Parr/ Mr. Incredible",White,2000216,Male,2000149,Human,2000219,Adult,2000227,Heterosexual,2000999
2130,"Mindy Park",White,2000216,Female,2000148,Human,2000219,Adult,2000227,Unknown,20001506
2114,Cordelia,Unknown,2000217,Female,2000148,Machine,2000220,Adult,2000227,Unknown,20001506
2113,Mariette,White,2000216,Female,2000148,Human,2000219,Adult,2000227,Unknown,20001506
2112,Joi,White,2000216,Female,2000148,Machine,2000220,Adult,2000227,Heterosexual,2000999
2111,"Starfleet officer Thomas Harewood",Black,2000310,Male,2000149,Human,2000219,Adult,2000227,Unknown,20001506
2107,Alex,White,2000216,Male,2000149,Human,2000219,Adult,2000227,Heterosexual,2000999
2106,Helena,White,2000216,Female,2000148,Human,2000219,Adult,2000227,Heterosexual,2000999
2097,"The Avengers",Unknown,2000217,Unknown,2000151,Unknown,20001917,Adult,2000227,Unknown,20001506
2088,"Uncle Georgo",Unknown,2000217,Male,2000149,Human,2000219,Elderly,2000226,Unknown,20001506
2087,Ludoviko,Unknown,2000217,Male,2000149,Human,2000219,Unknown,20001918,Unknown,20001506
2086,Rava,Unknown,2000217,Female,2000148,Human,2000219,"Young Adult",2000225,Unknown,20001506
2082,"Jesse (Welcome to Your Authentic Indian ExperienceTM)","Person of Colour",2000215,Female,2000148,Human,2000219,Adult,2000227,Heterosexual,2000999
2074,Nebula,Unknown,2000217,Female,2000148,Fictional,2000223,Adult,2000227,Unknown,20001506
2058,"Jack-Jack Parr",White,2000216,Male,2000149,Human,2000219,Child,2000224,Unknown,20001506
2054,"Chad Brentley",White,2000216,Male,2000149,Human,2000219,Adult,2000227,Unknown,20001506
2050,"Mark Watney",White,2000216,Male,2000149,Human,2000219,Adult,2000227,Unknown,20001506
2049,"Sergei Valishnikov",Unknown,2000217,Male,2000149,Human,2000219,Adult,2000227,Unknown,20001506
2024,"Dr. Ana Stelline",White,2000216,Female,2000148,Human,2000219,Adult,2000227,Unknown,20001506
2016,"Saw Gerrera",Black,2000310,Male,2000149,Human,2000219,Elderly,2000226,Unknown,20001506
2014,"Jyn Erso",White,2000216,Female,2000148,Human,2000219,Adult,2000227,Unknown,20001506
2012,"Bodhi Rook","Person of Colour",2000215,Male,2000149,Human,2000219,Adult,2000227,Unknown,20001506
2011,"Cassian Andor",White,2000216,Male,2000149,Human,2000219,Adult,2000227,Unknown,20001506
2006,"Honey Lemon",White,2000216,Female,2000148,Human,2000219,"Young Adult",2000225,Unknown,20001506
2003,"Evelyn Deavor",White,2000216,Female,2000148,Human,2000219,Adult,2000227,Unknown,20001506
1973,Prowler,Black,2000310,Male,2000149,Human,2000219,Adult,2000227,Unknown,20001506
1972,"Miles Morales",Black,2000310,Male,2000149,Human,2000219,"Young Adult",2000225,Heterosexual,2000999
1966,"Mechanical Turkers (Recoding Art)",Complex,2000324,Unknown,2000151,Human,2000219,Adult,2000227,Unknown,20001506
1957,Rebels,Complex,2000324,Unknown,2000151,Human,2000219,Adult,2000227,Unknown,20001506
1956,Trinity,White,2000216,Female,2000148,Human,2000219,Adult,2000227,Heterosexual,2000999
1955,Morpheus,Black,2000310,Male,2000149,Human,2000219,Adult,2000227,Heterosexual,2000999
1954,Neo,White,2000216,Male,2000149,Human,2000219,Adult,2000227,Heterosexual,2000999
1947,"Workers (Outra 33 Bienal de São Paulo)",Unknown,2000217,Male,2000149,Human,2000219,Adult,2000227,,
1944,"Iron Man",White,2000216,Male,2000149,Human,2000219,Adult,2000227,Heterosexual,2000999
1941,"Song Mi-na",Asian,2000323,Female,2000148,Human,2000219,Adult,2000227,Unknown,20001506
1930,"Spiders (Espécies de espaços II / Species of spaces II)",Unknown,2000217,Unknown,2000151,Animal,2000222,Unknown,20001918,Unknown,20001506
1927,"Producers (The Last One)",Unknown,2000217,Unknown,2000151,Human,2000219,Adult,2000227,Unknown,20001506
1925,Zoo,White,2000216,Female,2000148,Human,2000219,Adult,2000227,Heterosexual,2000999
1922,"""Mari Nagem""",Unknown,2000217,Female,2000148,Human,2000219,Adult,2000227,,
1920,"Han Tae-woong",Asian,2000323,Male,2000149,Human,2000219,"Young Adult",2000225,Unknown,20001506
1919,"Kang Ki-beom",Asian,2000323,Male,2000149,Human,2000219,Adult,2000227,Unknown,20001506
1915,"Dr. Carter",White,2000216,Male,2000149,Human,2000219,Adult,2000227,Unknown,20001506
1914,"Master Sergeant Farrell",White,2000216,Male,2000149,Human,2000219,Adult,2000227,Unknown,20001506
1910,"Mr. Wallace",White,2000216,Male,2000149,Cyborg,2000221,Adult,2000227,Unknown,20001506
1908,"""Ma Nu""",White,2000216,Female,2000148,Human,2000219,Adult,2000227,Unknown,20001506
1907,Luv,White,2000216,Female,2000148,Human,2000219,Adult,2000227,Unknown,20001506
1905,"Officer K (K, Joe)",White,2000216,Male,2000149,Human,2000219,Adult,2000227,Heterosexual,2000999
1896,"Students (... som duften av en drøm...)",Unknown,2000217,Unknown,2000151,Human,2000219,"Young Adult",2000225,Unknown,20001506
1894,"Palle Olsson",Unknown,2000217,Male,2000149,Human,2000219,Adult,2000227,Unknown,20001506
1893,Screenslaver,White,2000216,Male,2000149,Human,2000219,"Young Adult",2000225,Unknown,20001506
1889,Rocket,Complex,2000324,Male,2000149,Animal,2000222,Adult,2000227,Unknown,20001506
1887,"Inter-dimensional monster",Unknown,2000217,Unknown,2000151,Fictional,2000223,Unknown,20001918,Unknown,20001506
1885,Gamora,Complex,2000324,Female,2000148,Fictional,2000223,Adult,2000227,Heterosexual,2000999
1883,"Colonel Weber",Black,2000310,Male,2000149,Human,2000219,Adult,2000227,Unknown,20001506
1880,"Ian Donnelly",White,2000216,Male,2000149,Human,2000219,Adult,2000227,Heterosexual,2000999
1878,"Concert audience (Song for a New Day)",Unknown,2000217,Unknown,2000151,Human,2000219,Adult,2000227,Unknown,20001506
1862,"Khan Noonien Singh",White,2000216,Male,2000149,Human,2000219,Adult,2000227,Unknown,20001506
1861,Spock,Unknown,2000217,Male,2000149,Fictional,2000223,Adult,2000227,Unknown,20001506
1860,"Captain James Kirk",White,2000216,Male,2000149,Human,2000219,Adult,2000227,Unknown,20001506
1845,"Hiro Hamada",Asian,2000323,Male,2000149,Human,2000219,"Young Adult",2000225,Heterosexual,2000999
1844,Baymax,Unknown,2000217,Male,2000149,Machine,2000220,Unknown,20001918,Unknown,20001506
1837,"Remi (Død og oppstandelse)",White,2000216,Male,2000149,Human,2000219,Adult,2000227,Heterosexual,2000999
1836,"Oda Fåberg (Død og oppstandelse)",White,2000216,Female,2000148,Machine,2000220,Adult,2000227,Heterosexual,2000999
1834,"Sovereign pilots (Guardians of the Galaxy)",Complex,2000324,Unknown,2000151,Fictional,2000223,Adult,2000227,Unknown,20001506
1833,"High Priestess Ayesha",Complex,2000324,Female,2000148,Fictional,2000223,Adult,2000227,Unknown,20001506
1832,"Caine Wise",White,2000216,Male,2000149,Fictional,2000223,Adult,2000227,Heterosexual,2000999
1831,"Star-Lord/Peter Quill",White,2000216,Male,2000149,Human,2000219,Adult,2000227,Heterosexual,2000999
1829,"Jupiter Jones",White,2000216,Female,2000148,Human,2000219,Adult,2000227,Heterosexual,2000999
1828,Ibis,Black,2000310,Male,2000149,Human,2000219,Unknown,20001918,Unknown,20001506
1825,"Emma (AI)",Asian,2000323,Female,2000148,Machine,2000220,Adult,2000227,Unknown,20001506
1821,"Jung Hee Joo",Asian,2000323,Female,2000148,Human,2000219,Adult,2000227,Heterosexual,2000999
1820,"Yoo Jin Woo",Asian,2000323,Male,2000149,Human,2000219,Adult,2000227,Heterosexual,2000999
1813,"Hiroto Shimizu",Asian,2000323,Male,2000149,Human,2000219,Adult,2000227,Heterosexual,2000999
1812,Cable,White,2000216,Male,2000149,Cyborg,2000221,Adult,2000227,Heterosexual,2000999
1803,Deadpool,White,2000216,Male,2000149,Human,2000219,Adult,2000227,Heterosexual,2000999
1800,"Samantha Martinez",Unknown,2000217,Male,2000149,Human,2000219,Unknown,20001918,Unknown,20001506
1799,"Officer Jenkins",Unknown,2000217,Male,2000149,Human,2000219,Adult,2000227,Heterosexual,2000999
1797,"Jasper Hester",Unknown,2000217,Male,2000149,Human,2000219,Unknown,20001918,Unknown,20001506
1796,"Jimmy Hanson",Unknown,2000217,Male,2000149,Human,2000219,Unknown,20001918,Unknown,20001506
1780,"""Jill Magid""",White,2000216,Female,2000148,Human,2000219,Adult,2000227,Unknown,20001506
1778,Mother,White,2000216,Female,2000148,Machine,2000220,Adult,2000227,Unknown,20001506
1777,"Walkers (Alan Walker fans)",Unknown,2000217,Unknown,2000151,Human,2000219,"Young Adult",2000225,Unknown,20001506
1776,"""Alan Walker""",White,2000216,Male,2000149,Human,2000219,Adult,2000227,Unknown,20001506
1773,"Simon (LoveStar)",White,2000216,Male,2000149,Human,2000219,Adult,2000227,Heterosexual,2000999
1771,"Indridi (LoveStar)",White,2000216,Male,2000149,Human,2000219,Adult,2000227,Heterosexual,2000999
1756,"Terry Jeffords",Black,2000310,Male,2000149,Human,2000219,Adult,2000227,Heterosexual,2000999
1755,"Charles Boyle",White,2000216,Male,2000149,Human,2000219,Adult,2000227,Heterosexual,2000999
1754,"Amy Santiago","Person of Colour",2000215,Female,2000148,Human,2000219,Adult,2000227,Heterosexual,2000999
1753,"Jake Peralta",White,2000216,Male,2000149,Human,2000219,Adult,2000227,Heterosexual,2000999
1752,Simone,White,2000216,Female,2000148,Human,2000219,Adult,2000227,Heterosexual,2000999
1751,Martin,White,2000216,Male,2000149,Human,2000219,Adult,2000227,Heterosexual,2000999
1744,"Detective Vera Englund",White,2000216,Female,2000148,Cyborg,2000221,Adult,2000227,Heterosexual,2000999
1741,"Lina Romero","Person of Colour",2000215,Female,2000148,Human,2000219,Adult,2000227,Unknown,20001506
1738,"Allie Bream",Black,2000310,Female,2000148,Human,2000219,Adult,2000227,Unknown,20001506
1735,"Nina Peixoto","Person of Colour",2000215,Female,2000148,Human,2000219,Adult,2000227,Unknown,20001506
1732,"Replaced man",White,2000216,Male,2000149,Human,2000219,Adult,2000227,Unknown,20001506
1730,"Agent Everett Ross",White,2000216,Male,2000149,Human,2000219,Adult,2000227,Unknown,20001506
1727,Shuri,Black,2000310,Female,2000148,Human,2000219,Adult,2000227,Unknown,20001506
1726,Okoye,Black,2000310,Female,2000148,Human,2000219,Adult,2000227,Heterosexual,2000999
1725,T'Challa,Black,2000310,Male,2000149,Human,2000219,Adult,2000227,Heterosexual,2000999
1720,T'Chaka,Black,2000310,Male,2000149,Human,2000219,Adult,2000227,Heterosexual,2000999
1716,"Idir Jalil (The Test)","Person of Colour",2000215,Male,2000149,Human,2000219,Adult,2000227,Heterosexual,2000999
1713,"Woman in the street (Lagoon)",Black,2000310,Female,2000148,Human,2000219,Adult,2000227,Heterosexual,2000999
1695,"Amitjyoti ""Amy"" Ferrier","Person of Colour",2000215,Female,2000148,Human,2000219,Adult,2000227,Unknown,20001506
1687,"John Standish","Person of Colour",2000215,Male,2000149,Human,2000219,Adult,2000227,Unknown,20001506
1685,Juno,Unknown,2000217,Female,2000148,Machine,2000220,Adult,2000227,Heterosexual,2000999
1684,"Edward Kenway",White,2000216,Male,2000149,Human,2000219,Adult,2000227,Unknown,20001506
1648,"Frank Minelli",Unknown,2000217,Male,2000149,Human,2000219,Adult,2000227,Heterosexual,2000999
1646,"April Ryan",White,2000216,Female,2000148,Human,2000219,"Young Adult",2000225,Unknown,20001506
1643,Sidra,"Person of Colour",2000215,Female,2000148,Machine,2000220,Adult,2000227,Unknown,20001506
1630,"Luce Cannon",Unknown,2000217,Female,2000148,Human,2000219,Adult,2000227,Homosexual,20001199
1629,Rosemary,Unknown,2000217,Female,2000148,Human,2000219,Adult,2000227,Homosexual,20001199
1627,"SEER Robot",White,2000216,"Non-binary or Other",2000150,Machine,2000220,Child,2000224,,
1620,"""Kronos Quartet""",Unknown,2000217,Unknown,2000151,Human,2000219,Adult,2000227,Unknown,20001506
1591,Amena,Black,2000310,Female,2000148,Human,2000219,"Young Adult",2000225,Unknown,20001506
1534,Frannie,Black,2000310,Female,2000148,Human,2000219,Adult,2000227,Heterosexual,2000999
1532,"Bernard Marx",White,2000216,Male,2000149,Human,2000219,Adult,2000227,Heterosexual,2000999
1531,"Lenina Crowne",White,2000216,Female,2000148,Human,2000219,Adult,2000227,Bi-sexual,20001174
1529,"John the Savage",White,2000216,Male,2000149,Human,2000219,Adult,2000227,Heterosexual,2000999
1525,Rio,White,2000216,Female,2000148,Human,2000219,Adult,2000227,Heterosexual,2000999
1524,"Anna Weber",White,2000216,Female,2000148,Machine,2000220,Child,2000224,Unknown,20001506
1523,"Victor Weber",White,2000216,Male,2000149,Human,2000219,Adult,2000227,Unknown,20001506
1521,John-117,Unknown,2000217,Male,2000149,Human,2000219,Adult,2000227,Unknown,20001506
1520,Cortana,White,2000216,Female,2000148,Machine,2000220,Adult,2000227,Unknown,20001506
1491,"Hundred Eyes",Unknown,2000217,Male,2000149,Machine,2000220,Adult,2000227,Unknown,20001506
1489,Nozomi,Unknown,2000217,Female,2000148,Machine,2000220,Adult,2000227,Unknown,20001506
1488,"Kiryu Kosuke",Asian,2000323,Male,2000149,Human,2000219,Adult,2000227,Heterosexual,2000999
1480,Murderbot,Unknown,2000217,Unknown,2000151,Cyborg,2000221,Adult,2000227,Unknown,20001506
1478,Batman,White,2000216,Male,2000149,Human,2000219,Adult,2000227,Heterosexual,2000999
1469,"Pod 042",Unknown,2000217,Male,2000149,Machine,2000220,Unknown,20001918,Unknown,20001506
1468,2B,White,2000216,Female,2000148,Machine,2000220,Adult,2000227,Unknown,20001506
1466,"Burglars (The Castle Doctrine)",White,2000216,Male,2000149,Human,2000219,Adult,2000227,Heterosexual,2000999
1465,"Player character (The Castle Doctrine)",White,2000216,Male,2000149,Human,2000219,Adult,2000227,Heterosexual,2000999
1462,"Snow Lotus",Asian,2000323,Female,2000148,Human,2000219,"Young Adult",2000225,Heterosexual,2000999
1451,Louis,Asian,2000323,Male,2000149,Human,2000219,Adult,2000227,Heterosexual,2000999
1437,Lindy,Unknown,2000217,Female,2000148,Machine,2000220,Unknown,20001918,Unknown,20001506
1436,Nocko,Unknown,2000217,Unknown,2000151,Machine,2000220,Child,2000224,Unknown,20001506
1428,"Molly Millions",White,2000216,Female,2000148,Human,2000219,Adult,2000227,Heterosexual,2000999
1427,Wintermute,Unknown,2000217,Unknown,2000151,Machine,2000220,Adult,2000227,Unknown,20001506
1425,Case,White,2000216,Male,2000149,Human,2000219,Adult,2000227,Heterosexual,2000999
1237,Aiba,Unknown,2000217,Female,2000148,Machine,2000220,"Young Adult",2000225,Unknown,20001506
1238,"Kaname Date",Unknown,2000217,Male,2000149,Human,2000219,Adult,2000227,Heterosexual,2000999
1234,Thorn,Unknown,2000217,Male,2000149,Human,2000219,Adult,2000227,Unknown,20001506
1230,SAM,Unknown,2000217,Male,2000149,Machine,2000220,Unknown,20001918,Unknown,20001506
1228,"""Chelsea E. Manning""",White,2000216,"Trans Woman",20001194,Human,2000219,Adult,2000227,Unknown,20001506
1226,"The Summit (House of Earth and Blood)",Unknown,2000217,Unknown,2000151,Fictional,2000223,Adult,2000227,Unknown,20001506
1225,"Micah Domitus",Unknown,2000217,Male,2000149,Fictional,2000223,Adult,2000227,Unknown,20001506
1222,"Bryce Quinlan",Unknown,2000217,Female,2000148,Fictional,2000223,Adult,2000227,Heterosexual,2000999
1207,"Andrea Farbe",Unknown,2000217,Female,2000148,Human,2000219,Child,2000224,Unknown,20001506
1206,Nikolina,Unknown,2000217,Female,2000148,Human,2000219,Adult,2000227,Unknown,20001506
1205,Grigor,Unknown,2000217,Male,2000149,Human,2000219,Adult,2000227,Unknown,20001506
1202,"Dweller of Alina's kentuki",Unknown,2000217,Male,2000149,Human,2000219,Child,2000224,Unknown,20001506
1201,Alina,Unknown,2000217,Female,2000148,Human,2000219,Adult,2000227,Heterosexual,2000999
1199,"Fin Ueda Soto",Unknown,2000217,Female,2000148,Human,2000219,Adult,2000227,Unknown,20001506
1192,"Ingrid Kannerman",White,2000216,Female,2000148,Human,2000219,Adult,2000227,Heterosexual,2000999
1191,"Nora Antony","Person of Colour",2000215,Female,2000148,Human,2000219,Adult,2000227,Heterosexual,2000999
1190,"Nathan Brown",White,2000216,Male,2000149,Human,2000219,Adult,2000227,Heterosexual,2000999
1179,"Game show contestants (H.I.T)",White,2000216,Unknown,2000151,Human,2000219,Adult,2000227,Unknown,20001506
1176,"Lea Nichols",White,2000216,Female,2000148,Human,2000219,Adult,2000227,Unknown,20001506
1172,"The Contestant (Ministry of Broadcast)",White,2000216,Male,2000149,Human,2000219,Adult,2000227,Heterosexual,2000999
1168,"Audience (Man With a Movie Camera)",White,2000216,Unknown,2000151,Human,2000219,Adult,2000227,Unknown,20001506
1163,"Abigail Fort (Thoughts and Prayers)",Unknown,2000217,Female,2000148,Human,2000219,Adult,2000227,Unknown,20001506
1159,Haru,Asian,2000323,Female,2000148,Human,2000219,"Young Adult",2000225,Unknown,20001506
1160,"The Cat King (The Cat Returns)",Unknown,2000217,Male,2000149,Animal,2000222,Adult,2000227,Heterosexual,2000999
1150,"Unnamed intern (The Webcam Project)",Unknown,2000217,Unknown,2000151,Human,2000219,Adult,2000227,Unknown,20001506
1149,"Unnamed woman (The Webcam Project)",Unknown,2000217,Female,2000148,Human,2000219,Adult,2000227,Unknown,20001506
1148,"David (The Webcam Project)",Unknown,2000217,Male,2000149,Human,2000219,Adult,2000227,Unknown,20001506
1142,"Surveillance man (Excellent)",Unknown,2000217,Male,2000149,Cyborg,2000221,Adult,2000227,Unknown,20001506
1141,"Child (Excellent)",White,2000216,Male,2000149,Human,2000219,Child,2000224,Unknown,20001506
1135,"Therapist ( Serious Games III: Immersion)",White,2000216,Female,2000148,Human,2000219,Adult,2000227,Unknown,20001506
1134,"Soldier ( Serious Games III: Immersion )",White,2000216,Male,2000149,Human,2000219,Adult,2000227,Unknown,20001506
1131,"Ryley Robinson","Person of Colour",2000215,Male,2000149,Human,2000219,Adult,2000227,Unknown,20001506
1130,"Oswin Oswald",White,2000216,Female,2000148,Cyborg,2000221,Adult,2000227,Heterosexual,2000999
1127,"The 11th Doctor",White,2000216,Male,2000149,Fictional,2000223,Adult,2000227,Heterosexual,2000999
1125,Evangelions,Unknown,2000217,Unknown,2000151,Cyborg,2000221,Unknown,20001918,Unknown,20001506
1121,Avalanche,Unknown,2000217,Unknown,2000151,Unknown,20001917,Adult,2000227,Unknown,20001506
1118,"Cloud Strife",White,2000216,Male,2000149,Human,2000219,Adult,2000227,Heterosexual,2000999
1114,"Takahashi`s daughter",Asian,2000323,Female,2000148,Human,2000219,Child,2000224,Unknown,20001506
1111,Takahashi,Asian,2000323,Male,2000149,Human,2000219,Adult,2000227,Unknown,20001506
1109,"Johnny Mnemonic",Complex,2000324,Male,2000149,Human,2000219,Adult,2000227,Heterosexual,2000999
1106,Parkaboy,White,2000216,Male,2000149,Human,2000219,Adult,2000227,Heterosexual,2000999
1105,"Friends of Parkaboy (Pattern Recognition)",Unknown,2000217,Male,2000149,Human,2000219,Adult,2000227,Unknown,20001506
1102,"Cayce Pollard",White,2000216,Female,2000148,Human,2000219,Adult,2000227,Unknown,20001506
1096,Turry,Unknown,2000217,Unknown,2000151,Machine,2000220,Unknown,20001918,Unknown,20001506
1095,"Emma (Seed)",White,2000216,Female,2000148,Human,2000219,"Young Adult",2000225,Unknown,20001506
1089,"Fred Allen",White,2000216,Male,2000149,Human,2000219,Adult,2000227,Heterosexual,2000999
1088,"Deloris Allen",Black,2000310,Female,2000148,Human,2000219,Adult,2000227,Heterosexual,2000999
1084,Alice/Lola,White,2000216,Female,2000148,Human,2000219,Adult,2000227,Unknown,20001506
1068,"Criminals (Manhunt)",Unknown,2000217,Male,2000149,Human,2000219,Adult,2000227,Unknown,20001506
1067,"Lionel Starkweather",White,2000216,Male,2000149,Human,2000219,Adult,2000227,Unknown,20001506
1065,"James Earl Cash",Complex,2000324,Male,2000149,Human,2000219,Adult,2000227,Unknown,20001506
1063,GLaDOS,Unknown,2000217,Female,2000148,Machine,2000220,Unknown,20001918,Unknown,20001506
1060,Chell,Complex,2000324,Female,2000148,Human,2000219,Adult,2000227,Unknown,20001506
1026,"""Fran Krause""",White,2000216,Male,2000149,Human,2000219,Adult,2000227,Unknown,20001506
1020,"Old lady (Coronavirus Drone Video)",Asian,2000323,Female,2000148,Human,2000219,Elderly,2000226,Unknown,20001506
1016,"Duke Nukem",White,2000216,Male,2000149,Human,2000219,Adult,2000227,Heterosexual,2000999
1014,Pokémon,Unknown,2000217,Unknown,2000151,Animal,2000222,Unknown,20001918,Unknown,20001506
1011,"Daniel Lazarski",White,2000216,Male,2000149,Human,2000219,Adult,2000227,Heterosexual,2000999
1009,Zombies,Unknown,2000217,Unknown,2000151,Fictional,2000223,Unknown,20001918,Unknown,20001506
1004,"Max Lao",Complex,2000324,"Trans Woman",20001194,Human,2000219,Adult,2000227,Unknown,20001506
998,"Latha Sesame","Person of Colour",2000215,Female,2000148,Human,2000219,Adult,2000227,Unknown,20001506
999,"Narrator (Exhalation)",Unknown,2000217,Unknown,2000151,Machine,2000220,Adult,2000227,Unknown,20001506
997,"Charles Regis",White,2000216,Male,2000149,Human,2000219,Adult,2000227,Heterosexual,2000999
988,Kuni,Unknown,2000217,Male,2000149,Human,2000219,Adult,2000227,Unknown,20001506
987,Vashti,Unknown,2000217,Female,2000148,Human,2000219,Adult,2000227,Unknown,20001506
983,Akan,White,2000216,Male,2000149,Human,2000219,Adult,2000227,Bi-sexual,20001174
982,"Stephen Lyons",White,2000216,Male,2000149,Human,2000219,Adult,2000227,Heterosexual,2000999
981,"Celeste Bisme-Lyons",Black,2000310,Female,2000148,Human,2000219,Adult,2000227,Heterosexual,2000999
977,San-xiang,Asian,2000323,Female,2000148,Human,2000219,Adult,2000227,Heterosexual,2000999
974,"Zhang Zhongshan",Complex,2000324,Male,2000149,Human,2000219,Adult,2000227,Homosexual,20001199
975,"Angel (China Mountain Zhang)",Complex,2000324,Female,2000148,Human,2000219,Adult,2000227,Unknown,20001506
970,Toby,Unknown,2000217,Male,2000149,Human,2000219,Adult,2000227,Heterosexual,2000999
966,"Peeta Mellark",White,2000216,Male,2000149,Human,2000219,"Young Adult",2000225,Heterosexual,2000999
960,"The Careers (The Hunger Games)",White,2000216,Unknown,2000151,Human,2000219,"Young Adult",2000225,Unknown,20001506
958,"Rue (The Hunger Games)",Black,2000310,Female,2000148,Human,2000219,"Young Adult",2000225,Unknown,20001506
955,"President Snow",White,2000216,Male,2000149,Human,2000219,Adult,2000227,Heterosexual,2000999
954,"Gamemasters (The Hunger Games)",Unknown,2000217,Unknown,2000151,Human,2000219,Adult,2000227,Unknown,20001506
953,"Katniss Everdeen",White,2000216,Female,2000148,Human,2000219,"Young Adult",2000225,Heterosexual,2000999
951,"Tony ""the shy pooper""",Unknown,2000217,Male,2000149,Fictional,2000223,Adult,2000227,Heterosexual,2000999
949,"Summer Smith",White,2000216,Female,2000148,Human,2000219,"Young Adult",2000225,Unknown,20001506
947,"Hardcore Henry",Unknown,2000217,Male,2000149,Human,2000219,Adult,2000227,Heterosexual,2000999
946,"Blind Mark",White,2000216,Male,2000149,Human,2000219,Adult,2000227,Unknown,20001506
945,Tamir,"Person of Colour",2000215,Male,2000149,Human,2000219,"Young Adult",2000225,Heterosexual,2000999
944,Jazz,"Person of Colour",2000215,Female,2000148,Human,2000219,"Young Adult",2000225,Heterosexual,2000999
938,"Citizens of Namie",Asian,2000323,Unknown,2000151,Human,2000219,Unknown,20001918,Unknown,20001506
934,"""Thom Yorke""",White,2000216,Male,2000149,Human,2000219,Adult,2000227,Unknown,20001506
932,"Lem Hewitt",Black,2000310,Male,2000149,Human,2000219,Adult,2000227,Unknown,20001506
925,"Rick Sanchez",White,2000216,Male,2000149,Human,2000219,Elderly,2000226,Heterosexual,2000999
926,"Morty Smith",White,2000216,Male,2000149,Human,2000219,"Young Adult",2000225,Heterosexual,2000999
922,"Professor's Daughter",Unknown,2000217,Female,2000148,Human,2000219,Child,2000224,Unknown,20001506
921,"Professor's Son",Unknown,2000217,Male,2000149,Human,2000219,Child,2000224,Unknown,20001506
920,"Professor's Wife",Unknown,2000217,Female,2000148,Human,2000219,Adult,2000227,Heterosexual,2000999
919,Professor,Unknown,2000217,Male,2000149,Human,2000219,Adult,2000227,Heterosexual,2000999
918,"Google Maps Girl (Satellite Images)",Unknown,2000217,Female,2000148,Unknown,20001917,Adult,2000227,Unknown,20001506
917,"Narrator (Satellite Images)",Unknown,2000217,Unknown,2000151,Human,2000219,Adult,2000227,Unknown,20001506
913,"Dancer (as.phyx.i.a)",Unknown,2000217,Unknown,2000151,Human,2000219,Adult,2000227,Unknown,20001506
886,"Monster (I'm going to die, and probably soon)",Unknown,2000217,Unknown,2000151,Unknown,20001917,Unknown,20001918,Unknown,20001506
885,"Girl (I'm going to die, and probably soon)",Unknown,2000217,Female,2000148,Human,2000219,Adult,2000227,Unknown,20001506
883,"Narrator (I'm going to die, and probably soon)",Unknown,2000217,Male,2000149,Human,2000219,Adult,2000227,Unknown,20001506
882,"Narrator (My Camera Knows Something)",Unknown,2000217,Unknown,2000151,Human,2000219,Adult,2000227,Unknown,20001506
880,"Cassandra Watergate",White,2000216,Female,2000148,Human,2000219,Adult,2000227,Unknown,20001506
876,"Benjamin Smith",Unknown,2000217,Male,2000149,Human,2000219,Adult,2000227,Unknown,20001506
874,"Narrator (I created an AI..)",Unknown,2000217,Unknown,2000151,Human,2000219,Adult,2000227,Unknown,20001506
871,Lily,White,2000216,Female,2000148,Human,2000219,"Young Adult",2000225,Heterosexual,2000999
870,Hannah,Unknown,2000217,Female,2000148,Human,2000219,"Young Adult",2000225,Unknown,20001506
869,Max,White,2000216,Male,2000149,Human,2000219,Child,2000224,Heterosexual,2000999
864,"Billy McBride",White,2000216,Male,2000149,Human,2000219,Adult,2000227,Heterosexual,2000999
862,Workers,Unknown,2000217,Unknown,2000151,Human,2000219,Adult,2000227,Unknown,20001506
858,Ollie,White,2000216,Male,2000149,Human,2000219,Adult,2000227,Unknown,20001506
857,"Mom (Slaughterbots)",White,2000216,Female,2000148,Human,2000219,Adult,2000227,Unknown,20001506
856,"Girls (Night Trap)",White,2000216,Female,2000148,Human,2000219,"Young Adult",2000225,Unknown,20001506
855,"Vampires (Night Trap)",Unknown,2000217,Unknown,2000151,Fictional,2000223,Adult,2000227,Unknown,20001506
853,Arisa,White,2000216,Female,2000148,Machine,2000220,Adult,2000227,Unknown,20001506
852,"Georgy Safronov",White,2000216,Male,2000149,Human,2000219,Adult,2000227,Heterosexual,2000999
841,"Cooperman McBride",Unknown,2000217,Unknown,2000151,Human,2000219,Adult,2000227,Unknown,20001506
840,"Donald Cooperman",White,2000216,Male,2000149,Human,2000219,Unknown,20001918,Heterosexual,2000999
836,"Surveillance Officer (Anon)",White,2000216,Male,2000149,Human,2000219,Adult,2000227,Unknown,20001506
834,"Cyrus Frear",White,2000216,Male,2000149,Human,2000219,Adult,2000227,Unknown,20001506
833,"Anon (Anon)",White,2000216,Female,2000148,Human,2000219,Adult,2000227,Unknown,20001506
832,"Sal Frieland",White,2000216,Male,2000149,Human,2000219,Adult,2000227,Heterosexual,2000999
822,"Congolese soldiers (Infra)",Black,2000310,Male,2000149,Human,2000219,Adult,2000227,Unknown,20001506
819,"Refugees (Incoming)",Immigrant,2000218,Unknown,2000151,Human,2000219,Unknown,20001918,Unknown,20001506
814,"Quinn`s Gary",White,2000216,Male,2000149,Machine,2000220,Adult,2000227,Unknown,20001506
813,"Quinn Ergon",Black,2000310,Female,2000148,Human,2000219,Adult,2000227,Unknown,20001506
811,"Gary Goodspeed",White,2000216,Male,2000149,Human,2000219,Adult,2000227,Heterosexual,2000999
808,"Ash Graven",Unknown,2000217,Female,2000148,Fictional,2000223,Adult,2000227,Unknown,20001506
807,Hue,Unknown,2000217,"Non-binary or Other",2000150,Machine,2000220,Unknown,20001918,Unknown,20001506
804,"The Flemming Family",White,2000216,Unknown,2000151,Human,2000219,Unknown,20001918,Unknown,20001506
803,"""Mood Killer""",White,2000216,"Non-binary or Other",2000150,Human,2000219,Adult,2000227,Unknown,20001506
800,"""Devin the Dude""",Black,2000310,Male,2000149,Human,2000219,Adult,2000227,Unknown,20001506
799,"""group_inou""",Asian,2000323,Male,2000149,Human,2000219,Adult,2000227,Unknown,20001506
794,"Anonymous woman",Unknown,2000217,Female,2000148,Human,2000219,Adult,2000227,Unknown,20001506
793,"""50 Cent""",Black,2000310,Male,2000149,Human,2000219,Adult,2000227,Heterosexual,2000999
792,"""Timbaland""",Black,2000310,Male,2000149,Human,2000219,Adult,2000227,Heterosexual,2000999
791,"""Gojira""",Unknown,2000217,Male,2000149,Human,2000219,Adult,2000227,Unknown,20001506
790,"""Bob Mould""",White,2000216,Male,2000149,Human,2000219,Adult,2000227,Unknown,20001506
789,"""John Mayer""",White,2000216,Male,2000149,Human,2000219,Adult,2000227,Unknown,20001506
788,"""Ingrid Michaelson""",White,2000216,Female,2000148,Human,2000219,Adult,2000227,Unknown,20001506
787,Tom,White,2000216,Male,2000149,Human,2000219,Adult,2000227,Unknown,20001506
786,Robinator,White,2000216,Male,2000149,Machine,2000220,Adult,2000227,Unknown,20001506
784,"Plastic surgeons",Unknown,2000217,Unknown,2000151,Human,2000219,Adult,2000227,Unknown,20001506
783,"Anonymous individual",Unknown,2000217,Unknown,2000151,Human,2000219,Unknown,20001918,Unknown,20001506
782,"""Paper""",White,2000216,Male,2000149,Human,2000219,Adult,2000227,Unknown,20001506
781,Infant,White,2000216,Unknown,2000151,Human,2000219,Child,2000224,Unknown,20001506
780,"Glad girls (Glad Girls)",Unknown,2000217,Female,2000148,Human,2000219,Adult,2000227,Unknown,20001506
779,"""Rob Pollard""",White,2000216,Male,2000149,Human,2000219,Adult,2000227,Unknown,20001506
778,"Smiling women (Cheese)",Complex,2000324,Female,2000148,Human,2000219,Adult,2000227,Unknown,20001506
776,Deer,Unknown,2000217,Unknown,2000151,Animal,2000222,Unknown,20001918,Unknown,20001506
773,"""Casino""",Black,2000310,Male,2000149,Human,2000219,Adult,2000227,Unknown,20001506
772,"Bikers (Terminator 2)",White,2000216,Male,2000149,Human,2000219,Adult,2000227,Unknown,20001506
771,"Inhabitants of Assimilation City",Unknown,2000217,Unknown,2000151,Human,2000219,Unknown,20001918,Unknown,20001506
770,Aliens,Unknown,2000217,Unknown,2000151,Fictional,2000223,Unknown,20001918,Unknown,20001506
769,"""Janelle Monáe""",Black,2000310,Female,2000148,Human,2000219,Adult,2000227,Bi-sexual,20001174
766,"Margaux Needler",White,2000216,Female,2000148,Human,2000219,Adult,2000227,Unknown,20001506
764,BTs,Unknown,2000217,Unknown,2000151,Fictional,2000223,Unknown,20001918,Unknown,20001506
759,"Therapist (U)",White,2000216,Female,2000148,Human,2000219,Adult,2000227,Unknown,20001506
758,"Emma Fisher",White,2000216,Female,2000148,Human,2000219,Adult,2000227,Unknown,20001506
751,"Sam Bridges",White,2000216,Male,2000149,Human,2000219,Adult,2000227,Other,20001823
750,"""Mr. Assange""",White,2000216,Male,2000149,Human,2000219,Adult,2000227,Unknown,20001506
748,"Mr./Ms. Howard",Unknown,2000217,Unknown,2000151,Human,2000219,Adult,2000227,Unknown,20001506
735,"Sarah Connor",White,2000216,Female,2000148,Human,2000219,Adult,2000227,Unknown,20001506
734,"Kyle Reese",White,2000216,Male,2000149,Human,2000219,Adult,2000227,Unknown,20001506
732,"John Connor",White,2000216,Male,2000149,Human,2000219,Child,2000224,Unknown,20001506
730,"Terminator T-800 ""Model 101""",White,2000216,Male,2000149,Machine,2000220,Adult,2000227,Unknown,20001506
726,"The Hawke family",White,2000216,Unknown,2000151,Human,2000219,Adult,2000227,Unknown,20001506
723,Weaver,Black,2000310,Male,2000149,Human,2000219,Adult,2000227,Unknown,20001506
722,Midas,"Person of Colour",2000215,Male,2000149,Human,2000219,Adult,2000227,Unknown,20001506
721,Holt,White,2000216,Male,2000149,Human,2000219,Adult,2000227,Unknown,20001506
720,Nomad,White,2000216,Male,2000149,Human,2000219,Adult,2000227,Unknown,20001506
718,"Miles Upshur",White,2000216,Male,2000149,Human,2000219,Adult,2000227,Unknown,20001506
714,"Google Driver",Unknown,2000217,Male,2000149,Human,2000219,Adult,2000227,Unknown,20001506
713,"UAV operator (Unmanned)",White,2000216,Male,2000149,Human,2000219,Adult,2000227,Unknown,20001506
710,"Immigrant group (The Virtual Watchers)",Immigrant,2000218,Unknown,2000151,Human,2000219,Unknown,20001918,Unknown,20001506
708,"Amanda Ripley",White,2000216,Female,2000148,Human,2000219,Adult,2000227,Unknown,20001506
706,"Poppy Gardner",White,2000216,Female,2000148,Human,2000219,"Young Adult",2000225,Unknown,20001506
692,MPU,Unknown,2000217,Unknown,2000151,Machine,2000220,Unknown,20001918,Unknown,20001506
691,"Radical Ed",White,2000216,Female,2000148,Human,2000219,"Young Adult",2000225,Unknown,20001506
690,"AR girl",White,2000216,Female,2000148,Human,2000219,Adult,2000227,Unknown,20001506
686,"US+ Office worker",White,2000216,Male,2000149,Human,2000219,Adult,2000227,Unknown,20001506
685,"Us+ Daughter","Person of Colour",2000215,Female,2000148,Human,2000219,Adult,2000227,Unknown,20001506
684,"Alan Partridge",White,2000216,Male,2000149,Human,2000219,Adult,2000227,Unknown,20001506
677,"Zoe Foster",Unknown,2000217,Female,2000148,Human,2000219,Child,2000224,Unknown,20001506
674,Mercer,White,2000216,Male,2000149,Human,2000219,Adult,2000227,Heterosexual,2000999
673,"Mae Holland",White,2000216,Female,2000148,Human,2000219,Adult,2000227,Heterosexual,2000999
664,Sergeant,Unknown,2000217,Male,2000149,Machine,2000220,Adult,2000227,Unknown,20001506
663,"William Foster",Complex,2000324,Male,2000149,Human,2000219,Adult,2000227,Heterosexual,2000999
661,"Woman in Tony Stark's bedroom",White,2000216,Female,2000148,Human,2000219,Adult,2000227,Heterosexual,2000999
660,"Vivienne Rook",White,2000216,Female,2000148,Human,2000219,Adult,2000227,Unknown,20001506
653,"Rushdi Mannan","Person of Colour",2000215,Male,2000149,Human,2000219,Adult,2000227,Homosexual,20001199
650,"Adult Tokyo population",Asian,2000323,Unknown,2000151,Human,2000219,Adult,2000227,Unknown,20001506
649,Namahage,Unknown,2000217,Unknown,2000151,Fictional,2000223,Unknown,20001918,Unknown,20001506
644,"Big Sister Shen",Asian,2000323,Female,2000148,Human,2000219,Adult,2000227,Unknown,20001506
633,"Homer Simpson",Unknown,2000217,Male,2000149,Human,2000219,Adult,2000227,Heterosexual,2000999
632,"The Simpsons family",Unknown,2000217,Unknown,2000151,Human,2000219,Unknown,20001918,Unknown,20001506
626,Leela,Unknown,2000217,Female,2000148,Fictional,2000223,Adult,2000227,Unknown,20001506
625,"Zapp Brannigan",White,2000216,Male,2000149,Human,2000219,Adult,2000227,Unknown,20001506
622,"Navn Ukjent",Immigrant,2000218,Male,2000149,Human,2000219,Adult,2000227,Heterosexual,2000999
621,Nilin,"Person of Colour",2000215,Female,2000148,Human,2000219,Adult,2000227,Unknown,20001506
570,"Wreck-It Ralph",White,2000216,Male,2000149,Human,2000219,Adult,2000227,Unknown,20001506
571,Vanellope,Complex,2000324,Female,2000148,Human,2000219,Child,2000224,Unknown,20001506
566,"""Tom Cruise""",White,2000216,Male,2000149,Human,2000219,Adult,2000227,Unknown,20001506
563,Abi,White,2000216,Female,2000148,Human,2000219,Adult,2000227,Unknown,20001506
562,Bing,"Person of Colour",2000215,Male,2000149,Human,2000219,Adult,2000227,Unknown,20001506
561,"Joe Potter",White,2000216,Male,2000149,Human,2000219,Adult,2000227,Heterosexual,2000999
559,"Liam Foxwell",White,2000216,Male,2000149,Human,2000219,Adult,2000227,Heterosexual,2000999
558,Kenny,White,2000216,Male,2000149,Human,2000219,"Young Adult",2000225,Unknown,20001506
545,"Amanda (Someone to Watch Over Me)",Unknown,2000217,Female,2000148,Human,2000219,Adult,2000227,Heterosexual,2000999
544,"""Kim Kardashian""  (No More Selfies)",White,2000216,Female,2000148,Human,2000219,Adult,2000227,Heterosexual,2000999
543,"Sunita (No More Selfies)","Person of Colour",2000215,Female,2000148,Human,2000219,Adult,2000227,Heterosexual,2000999
541,"Ellie (Selfies)",Unknown,2000217,Female,2000148,Human,2000219,"Young Adult",2000225,Heterosexual,2000999
538,"Hayley (Thoughts and Prayers)",Unknown,2000217,Female,2000148,Human,2000219,"Young Adult",2000225,Unknown,20001506
533,"Lia Kahn",White,2000216,Female,2000148,Human,2000219,"Young Adult",2000225,Heterosexual,2000999
524,"Rita (U)",White,2000216,Female,2000148,Human,2000219,Adult,2000227,Unknown,20001506
523,"Alex (U)",Asian,2000323,Female,2000148,Human,2000219,Adult,2000227,Unknown,20001506
521,"Call (U)",White,2000216,Male,2000149,Human,2000219,Adult,2000227,Unknown,20001506
520,"Asuna Yuuki",Asian,2000323,Female,2000148,Human,2000219,"Young Adult",2000225,Heterosexual,2000999
517,"Kazuto Kirigaya",Asian,2000323,Male,2000149,Human,2000219,"Young Adult",2000225,Heterosexual,2000999
516,"Brian Gragg",White,2000216,Male,2000149,Human,2000219,Adult,2000227,Heterosexual,2000999
512,Guppy,Unknown,2000217,Unknown,2000151,Animal,2000222,Unknown,20001918,Unknown,20001506
493,"Max Zorin",White,2000216,Male,2000149,Human,2000219,Adult,2000227,Unknown,20001506
492,"James Bond (Roger Moore)",White,2000216,Male,2000149,Human,2000219,Adult,2000227,Heterosexual,2000999
489,"Edith Lyons",White,2000216,Female,2000148,Human,2000219,Elderly,2000226,Unknown,20001506
484,Catherine,White,2000216,Female,2000148,Human,2000219,Adult,2000227,Unknown,20001506
483,Ashley,White,2000216,Female,2000148,Human,2000219,"Young Adult",2000225,Unknown,20001506
480,Rachel,White,2000216,Female,2000148,Human,2000219,"Young Adult",2000225,Unknown,20001506
479,"Ashley too",Unknown,2000217,Female,2000148,Machine,2000220,Adult,2000227,Unknown,20001506
478,"Danny Parker",Black,2000310,Male,2000149,Human,2000219,Adult,2000227,Bi-sexual,20001174
477,"Karl Houghton",Black,2000310,Male,2000149,Human,2000219,Adult,2000227,Bi-sexual,20001174
464,"Peter Parker",White,2000216,Male,2000149,Human,2000219,"Young Adult",2000225,Heterosexual,2000999
461,Mysterio,White,2000216,Male,2000149,Human,2000219,Adult,2000227,Unknown,20001506
455,Jarvis,Unknown,2000217,Male,2000149,Machine,2000220,Adult,2000227,Heterosexual,2000999
453,"Tony Stark",White,2000216,Male,2000149,Human,2000219,Adult,2000227,Heterosexual,2000999
445,"""Lauren McCarthy""",Unknown,2000217,Female,2000148,Human,2000219,Adult,2000227,,
439,"Ghost (Breathe)",Unknown,2000217,Female,2000148,Fictional,2000223,Adult,2000227,Unknown,20001506
437,Flo,Unknown,2000217,Female,2000148,Human,2000219,"Young Adult",2000225,Heterosexual,2000999
433,Miranda,White,2000216,Female,2000148,Human,2000219,Adult,2000227,Heterosexual,2000999
435,"Charlie Friend",White,2000216,Male,2000149,Human,2000219,Adult,2000227,Heterosexual,2000999
434,Adam,White,2000216,Male,2000149,Machine,2000220,Adult,2000227,Heterosexual,2000999
421,"""Earl Sweatshirt""",Black,2000310,Male,2000149,Human,2000219,Adult,2000227,Unknown,20001506
419,Lizzie,Black,2000310,Female,2000148,Human,2000219,"Young Adult",2000225,Unknown,20001506
418,"Stephanie Flemming",White,2000216,Female,2000148,Human,2000219,Adult,2000227,Unknown,20001506
411,"Bethany Bisme-Lyons","Person of Colour",2000215,Female,2000148,Human,2000219,"Young Adult",2000225,Unknown,20001506
408,"Asuka Soryu Langley",Complex,2000324,Female,2000148,Human,2000219,"Young Adult",2000225,Heterosexual,2000999
406,"Rei Ayanami",Asian,2000323,Female,2000148,Fictional,2000223,"Young Adult",2000225,Unknown,20001506
403,"Shinji Ikari",Asian,2000323,Male,2000149,Human,2000219,"Young Adult",2000225,Heterosexual,2000999
399,Hope,White,2000216,Female,2000148,Human,2000219,"Young Adult",2000225,Unknown,20001506
397,Carl,Unknown,2000217,Male,2000149,Human,2000219,Adult,2000227,Heterosexual,2000999
384,"""Jeremy Bailey""",White,2000216,Male,2000149,Human,2000219,Adult,2000227,Unknown,20001506
325,"Mare Barrow",Unknown,2000217,Female,2000148,Human,2000219,"Young Adult",2000225,Heterosexual,2000999
319,"""Jake Wells""",White,2000216,Male,2000149,Human,2000219,Adult,2000227,Unknown,20001506
308,Markus,"Person of Colour",2000215,Male,2000149,Machine,2000220,Adult,2000227,Unknown,20001506
305,Connor,White,2000216,Male,2000149,Machine,2000220,Adult,2000227,Unknown,20001506
292,"Yusuke Sakaki","Person of Colour",2000215,Male,2000149,Human,2000219,Adult,2000227,Unknown,20001506
288,"Rose Weil",White,2000216,Female,2000148,Human,2000219,Adult,2000227,Unknown,20001506
284,"John Nada",White,2000216,Male,2000149,Human,2000219,Adult,2000227,Unknown,20001506
280,Tun,Asian,2000323,Male,2000149,Human,2000219,Adult,2000227,Unknown,20001506
277,Aloy,Indigenous,2000214,Female,2000148,Machine,2000220,"Young Adult",2000225,Unknown,20001506
269,"""Joy Buolamwini""",Black,2000310,Female,2000148,Human,2000219,Adult,2000227,Unknown,20001506
265,"John Anderton",White,2000216,Male,2000149,Human,2000219,Adult,2000227,Heterosexual,2000999
262,"Jerome Holm",White,2000216,Male,2000149,Human,2000219,"Young Adult",2000225,Unknown,20001506
261,"Mary Holm",White,2000216,Female,2000148,Human,2000219,"Young Adult",2000225,Unknown,20001506
260,"Flem Lever",White,2000216,Male,2000149,Human,2000219,"Young Adult",2000225,Unknown,20001506
259,"Ernest Holm",White,2000216,Male,2000149,Human,2000219,Adult,2000227,Unknown,20001506
256,"Ted Pikul",White,2000216,Male,2000149,Human,2000219,Adult,2000227,Heterosexual,2000999
255,"Allegra Geller",White,2000216,Female,2000148,Human,2000219,Adult,2000227,Heterosexual,2000999
247,"Spider Jerusalem",White,2000216,Male,2000149,Human,2000219,Adult,2000227,Heterosexual,2000999
245,"One Esk Nineteen",Unknown,2000217,Female,2000148,Cyborg,2000221,Adult,2000227,Unknown,20001506
242,"Pete Sebeck",Unknown,2000217,Male,2000149,Human,2000219,Adult,2000227,Heterosexual,2000999
241,"Winston Smith",White,2000216,Male,2000149,Human,2000219,Adult,2000227,Heterosexual,2000999