Character,ID,Race/ethnicity,"Race/ethnicity ID",Gender,"Gender ID",Species,"Species ID",Age,"Age ID",Sexuality,"Sexuality ID"
"Patrick (Sight)",3263,White,2000216,Male,2000149,Human,2000219,Adult,2000227,Heterosexual,2000999
"Daphne W (Sight)",3262,White,2000216,Female,2000148,Human,2000219,Adult,2000227,Heterosexual,2000999
"Jason Hatta",3257,"Unknown/not applicable",2000217,Male,2000149,Human,2000219,Adult,2000227,Heterosexual,2000999
Regina,3254,"Unknown/not applicable",2000217,Female,2000148,Human,2000219,Adult,2000227,"Unknown/not applicable",20001506
Emily,3251,White,2000216,Female,2000148,Machine,2000220,Adult,2000227,Heterosexual,2000999
A2,3247,White,2000216,Female,2000148,Machine,2000220,Adult,2000227,"Unknown/not applicable",20001506
"Imran Zakhaev",3240,"Unknown/not applicable",2000217,Male,2000149,Human,2000219,Adult,2000227,"Unknown/not applicable",20001506
"Lt. John Price",3239,White,2000216,Male,2000149,Human,2000219,Adult,2000227,"Unknown/not applicable",20001506
"Unnamed battlebot",3237,"Unknown/not applicable",2000217,"Unknown/Not applicable",2000151,Machine,2000220,Adult,2000227,"Unknown/not applicable",20001506
"Sim (The Sims 4)",3232,"Unknown/not applicable",2000217,"Unknown/Not applicable",2000151,"Unknown/Not applicable",20001917,"Unknown/Not applicable",20001918,"Unknown/not applicable",20001506
"Narrator (Expression captioner)",3231,White,2000216,Male,2000149,Human,2000219,Adult,2000227,"Unknown/not applicable",20001506
"Narrator (Facial Features Not Recognized)",3230,"Unknown/not applicable",2000217,Male,2000149,Human,2000219,Adult,2000227,"Unknown/not applicable",20001506
Avina,3229,"Unknown/not applicable",2000217,Female,2000148,Machine,2000220,Adult,2000227,"Unknown/not applicable",20001506
"Robot doll (Squid Game)",3224,"Unknown/not applicable",2000217,Female,2000148,Machine,2000220,Child,2000224,"Unknown/not applicable",20001506
"Gi-hun Seong",3223,Asian,2000323,Male,2000149,Human,2000219,Adult,2000227,Heterosexual,2000999
Niki,3217,White,2000216,Non-binary/Other,2000150,Human,2000219,"Young adult",2000225,"Unknown/not applicable",20001506
"The Mother (Klara and the Sun)",3214,"Unknown/not applicable",2000217,Female,2000148,Human,2000219,Adult,2000227,Heterosexual,2000999
Klara,3213,"Unknown/not applicable",2000217,Female,2000148,Machine,2000220,"Young adult",2000225,"Unknown/not applicable",20001506
"Woman with smartphone (Deep Down Tidal)",3206,Black,2000310,Female,2000148,Human,2000219,Adult,2000227,"Unknown/not applicable",20001506
Zizi,3192,"Unknown/not applicable",2000217,Non-binary/Other,2000150,Human,2000219,Adult,2000227,"Unknown/not applicable",20001506
"Drag Artists (The Zizi Show)",3191,"Unknown/not applicable",2000217,Non-binary/Other,2000150,Human,2000219,Adult,2000227,"Unknown/not applicable",20001506
"Saudi and Iraqi ancestors",3187,Indigenous,2000214,"Unknown/Not applicable",2000151,Human,2000219,"Unknown/Not applicable",20001918,"Unknown/not applicable",20001506
Argus,3172,Black,2000310,Male,2000149,Human,2000219,Adult,2000227,"Unknown/not applicable",20001506
"Hackers (Black Mirror)",3160,"Unknown/not applicable",2000217,"Unknown/Not applicable",2000151,Human,2000219,"Unknown/Not applicable",20001918,"Unknown/not applicable",20001506
"Jake (Someone to Watch Over Me)",3155,"Unknown/not applicable",2000217,Male,2000149,Human,2000219,Adult,2000227,Heterosexual,2000999
"Becky (Someone to Watch Over Me)",3154,"Unknown/not applicable",2000217,Female,2000148,Human,2000219,Child,2000224,"Unknown/not applicable",20001506
"""Nakeema Stefflbauer""",3152,Black,2000310,Female,2000148,Human,2000219,Adult,2000227,"Unknown/not applicable",20001506
"Bri-Bri (No More Selfies)",3144,"Unknown/not applicable",2000217,Male,2000149,Human,2000219,Adult,2000227,Heterosexual,2000999
"Eliasz (Autonomous)",3141,"Unknown/not applicable",2000217,Male,2000149,Human,2000219,Adult,2000227,Heterosexual,2000999
"Paladin (Autonomous)",3139,"Unknown/not applicable",2000217,"Trans, Female","20001194, 2000148",Cyborg,2000221,Adult,2000227,Heterosexual,2000999
"Natasha Romanoff (The Black Widow)",3136,White,2000216,Female,2000148,Human,2000219,Adult,2000227,Heterosexual,2000999
Taskmaster,3135,White,2000216,Female,2000148,Human,2000219,Adult,2000227,"Unknown/not applicable",20001506
"Steel Brother",3133,"Unknown/not applicable",2000217,Male,2000149,Machine,2000220,Adult,2000227,"Unknown/not applicable",20001506
Sankofa,3131,Black,2000310,Female,2000148,Human,2000219,Child,2000224,"Unknown/not applicable",20001506
"Masha Maximow",3124,White,2000216,Female,2000148,Human,2000219,Adult,2000227,"Unknown/not applicable",20001506
"Nithya Balachandran",3123,"Person of colour",2000215,Female,2000148,Human,2000219,Adult,2000227,Heterosexual,2000999
"Welga (Olga Ramírez)",3118,"Person of colour",2000215,Female,2000148,Human,2000219,Adult,2000227,Heterosexual,2000999
"Barney Calhoun",3114,"Unknown/not applicable",2000217,Male,2000149,Human,2000219,Adult,2000227,"Unknown/not applicable",20001506
"Gordon Freeman",3113,White,2000216,Male,2000149,Human,2000219,Adult,2000227,"Unknown/not applicable",20001506
"Norman Jayden",3111,White,2000216,Male,2000149,Human,2000219,Adult,2000227,"Unknown/not applicable",20001506
"Johnny Silverhand",3107,White,2000216,Male,2000149,Machine,2000220,Adult,2000227,Heterosexual,2000999
"Alt Cunningham",3105,White,2000216,Female,2000148,Machine,2000220,Adult,2000227,Heterosexual,2000999
"Miles Kilo",3101,White,2000216,Male,2000149,Cyborg,2000221,Adult,2000227,"Unknown/not applicable",20001506
"Chad Mulligan",3100,White,2000216,Male,2000149,Human,2000219,Adult,2000227,"Unknown/not applicable",20001506
"Trevor Philips",3099,"Unknown/not applicable",2000217,Male,2000149,Human,2000219,Adult,2000227,"Unknown/not applicable",20001506
"Franklin Clinton",3098,Black,2000310,Male,2000149,Human,2000219,Adult,2000227,"Unknown/not applicable",20001506
"Robert ""Red"" Ramsey",3096,White,2000216,Male,2000149,Human,2000219,Adult,2000227,"Unknown/not applicable",20001506
"Cole Black",3094,"Unknown/not applicable",2000217,Male,2000149,Human,2000219,Adult,2000227,"Unknown/not applicable",20001506
"Huangyan (Yellow Eye)",3086,Asian,2000323,Male,2000149,Human,2000219,Adult,2000227,Heterosexual,2000999
"Sexy woman (Ayo Technology)",3084,White,2000216,Female,2000148,Human,2000219,Adult,2000227,Heterosexual,2000999
"Peter Riviera",3079,"Unknown/not applicable",2000217,Male,2000149,Human,2000219,Adult,2000227,Heterosexual,2000999
"Sara/Scott Ryder",3074,White,2000216,"Unknown/Not applicable",2000151,Human,2000219,Adult,2000227,"Unknown/not applicable",20001506
"Jack ""Pulse"" Estrada",3073,White,2000216,Male,2000149,Human,2000219,Adult,2000227,"Unknown/not applicable",20001506
"Chul Kyung ""Vigil"" Hwa",3071,Asian,2000323,Male,2000149,Human,2000219,Adult,2000227,"Unknown/not applicable",20001506
Nøkk,3070,"Unknown/not applicable",2000217,Female,2000148,Human,2000219,Adult,2000227,"Unknown/not applicable",20001506
Mattie,3064,White,2000216,Female,2000148,Human,2000219,Adult,2000227,"Unknown/not applicable",20001506
"Aria ""Alibi"" de Luca",3061,Multiple/complex,2000324,Female,2000148,Human,2000219,Adult,2000227,"Unknown/not applicable",20001506
"Nienke ""Iana"" Meijer",3060,"Unknown/not applicable",2000217,Female,2000148,Human,2000219,Adult,2000227,"Unknown/not applicable",20001506
"Ryad Ramírez ""Jackal"" Al-Hassar",3059,"Unknown/not applicable",2000217,Male,2000149,Human,2000219,Adult,2000227,"Unknown/not applicable",20001506
"Sao Paulo citizens",3056,"Unknown/not applicable",2000217,"Unknown/Not applicable",2000151,Human,2000219,"Unknown/Not applicable",20001918,"Unknown/not applicable",20001506
"Timur ""Glaz"" Glazkov",3055,"Unknown/not applicable",2000217,Male,2000149,Human,2000219,Adult,2000227,"Unknown/not applicable",20001506
"Mechanical Turk Workers (selfiecity)",3053,"Unknown/not applicable",2000217,"Unknown/Not applicable",2000151,Human,2000219,Adult,2000227,"Unknown/not applicable",20001506
"Katie's dog",3045,"Unknown/not applicable",2000217,"Unknown/Not applicable",2000151,Animal,2000222,"Unknown/Not applicable",20001918,"Unknown/not applicable",20001506
Katie,3032,White,2000216,Female,2000148,Human,2000219,"Young adult",2000225,Homosexual,20001199
SHN,3027,"Unknown/not applicable",2000217,"Unknown/Not applicable",2000151,Machine,2000220,Adult,2000227,"Unknown/not applicable",20001506
"Anna Agarwal",3025,"Unknown/not applicable",2000217,Female,2000148,Human,2000219,Adult,2000227,Homosexual,20001199
Beacon,3022,"Unknown/not applicable",2000217,"Unknown/Not applicable",2000151,Machine,2000220,Adult,2000227,"Unknown/not applicable",20001506
"Amber Rose 348",3021,"Unknown/not applicable",2000217,Male,2000149,Machine,2000220,Adult,2000227,Heterosexual,2000999
"Lydia (State of Mind)",3004,White,2000216,Female,2000148,Human,2000219,Adult,2000227,Heterosexual,2000999
"Angela (State of Mind)",3002,White,2000216,Female,2000148,Human,2000219,Adult,2000227,"Unknown/not applicable",20001506
"Kevin's wife (Solar Opposites)",3000,White,2000216,Female,2000148,Human,2000219,Adult,2000227,Heterosexual,2000999
"Kevin (Solar Opposites)",2999,White,2000216,Male,2000149,Human,2000219,Adult,2000227,Heterosexual,2000999
"Men with man caves (Solar Opposites)",2998,"Unknown/not applicable",2000217,Male,2000149,Human,2000219,Adult,2000227,"Unknown/not applicable",20001506
"Jesse (Solar Opposites)",2994,"Unknown/not applicable",2000217,Non-binary/Other,2000150,"Fictional species",2000223,"Young adult",2000225,"Unknown/not applicable",20001506
"Terry (Solar Opposites)",2993,"Unknown/not applicable",2000217,Male,2000149,"Fictional species",2000223,Adult,2000227,"Unknown/not applicable",20001506
Korvo,2992,"Unknown/not applicable",2000217,Male,2000149,"Fictional species",2000223,Adult,2000227,"Unknown/not applicable",20001506
P.A.T.R.I.C.I.A.,2991,White,2000216,Female,2000148,Machine,2000220,Adult,2000227,"Unknown/not applicable",20001506
"AMT workers (Assembly Line)",2982,"Unknown/not applicable",2000217,"Unknown/Not applicable",2000151,Human,2000219,Adult,2000227,"Unknown/not applicable",20001506
"Animal Robots (Simpsons)",2965,"Unknown/not applicable",2000217,"Unknown/Not applicable",2000151,Machine,2000220,"Unknown/Not applicable",20001918,"Unknown/not applicable",20001506
"Interviewed Young Adults (3%)",2964,"Unknown/not applicable",2000217,"Unknown/Not applicable",2000151,Human,2000219,"Young adult",2000225,"Unknown/not applicable",20001506
"Animals (The Last Human)",2963,"Unknown/not applicable",2000217,"Unknown/Not applicable",2000151,Animal,2000222,"Unknown/Not applicable",20001918,"Unknown/not applicable",20001506
"Endangered Bird (STET)",2962,"Unknown/not applicable",2000217,"Unknown/Not applicable",2000151,Animal,2000222,"Unknown/Not applicable",20001918,"Unknown/not applicable",20001506
"Mae's parents",2960,White,2000216,"Unknown/Not applicable",2000151,Human,2000219,Elderly,2000226,Heterosexual,2000999
Renata,2957,"Unknown/not applicable",2000217,Female,2000148,Human,2000219,Adult,2000227,"Unknown/not applicable",20001506
"Alan Hakman",2956,White,2000216,Male,2000149,Human,2000219,Adult,2000227,Heterosexual,2000999
"Mrs Munroe",2953,White,2000216,Female,2000148,Human,2000219,Elderly,2000226,Heterosexual,2000999
"Girl (The Final Cut)",2951,"Unknown/not applicable",2000217,Female,2000148,Human,2000219,"Young adult",2000225,"Unknown/not applicable",20001506
"Hitomi Yoshida",2947,"Unknown/not applicable",2000217,Female,2000148,Human,2000219,Adult,2000227,Heterosexual,2000999
"Riva Karnovsky",2946,"Unknown/not applicable",2000217,Female,2000148,Human,2000219,Adult,2000227,Heterosexual,2000999
Beth,2942,White,2000216,Female,2000148,Human,2000219,Adult,2000227,Heterosexual,2000999
Ffion,2941,White,2000216,Female,2000148,Human,2000219,Adult,2000227,Heterosexual,2000999
"Leo (URME)",2933,White,2000216,Male,2000149,Human,2000219,Adult,2000227,"Unknown/not applicable",20001506
"Man (...som duften av en drøm...)",2930,"Unknown/not applicable",2000217,Male,2000149,Human,2000219,Adult,2000227,Heterosexual,2000999
"Victim (Rugal)",2929,Asian,2000323,Male,2000149,Human,2000219,Adult,2000227,"Unknown/not applicable",20001506
Zane,2927,White,2000216,Male,2000149,Human,2000219,Adult,2000227,Other,20001823
"Hwang Deuk-Gu",2925,Asian,2000323,Male,2000149,Human,2000219,Adult,2000227,"Unknown/not applicable",20001506
"Memo Cruz's Father",2924,"Person of colour",2000215,Male,2000149,Human,2000219,Adult,2000227,"Unknown/not applicable",20001506
"Memo Cruz",2923,"Person of colour",2000215,Male,2000149,Human,2000219,"Young adult",2000225,"Unknown/not applicable",20001506
"PEC goverment offical",2921,"Person of colour",2000215,Male,2000149,Human,2000219,Adult,2000227,"Unknown/not applicable",20001506
Lucía,2920,White,2000216,Female,2000148,Human,2000219,Adult,2000227,"Unknown/not applicable",20001506
"Sonya Safronova",2919,White,2000216,Female,2000148,Human,2000219,Child,2000224,"Unknown/not applicable",20001506
"Alla Safronova",2918,White,2000216,Female,2000148,Human,2000219,Adult,2000227,"Unknown/not applicable",20001506
"Men in board room (Better Than Us)",2916,White,2000216,Male,2000149,Human,2000219,Adult,2000227,"Unknown/not applicable",20001506
"Hunted Child (2033: La Ilusión de un Futuro Mejor)",2914,"Person of colour",2000215,Male,2000149,Human,2000219,Child,2000224,"Unknown/not applicable",20001506
"Hunted Father (2033: La Ilusión de un Futuro Mejor)",2913,"Person of colour",2000215,Male,2000149,Human,2000219,Adult,2000227,"Unknown/not applicable",20001506
Pablo,2911,White,2000216,Male,2000149,Human,2000219,Adult,2000227,"Unknown/not applicable",20001506
Kenzo,2910,White,2000216,Male,2000149,Human,2000219,Adult,2000227,"Unknown/not applicable",20001506
"James Holden",2909,White,2000216,Male,2000149,Human,2000219,Adult,2000227,Heterosexual,2000999
"A.I. (The Social Dilemma)",2907,White,2000216,Male,2000149,Machine,2000220,Adult,2000227,"Unknown/not applicable",20001506
"Adam Newman",2901,White,2000216,Male,2000149,Machine,2000220,Adult,2000227,Heterosexual,2000999
"Richard Nolan",2900,White,2000216,Male,2000149,Human,2000219,Adult,2000227,Heterosexual,2000999
"Lieutenant Joshi",2899,White,2000216,Female,2000148,Human,2000219,Adult,2000227,"Unknown/not applicable",20001506
"John Wyles",2897,White,2000216,Male,2000149,Human,2000219,Elderly,2000226,Heterosexual,2000999
"Dr. Eva Rosalene",2896,Black,2000310,Female,2000148,Human,2000219,Adult,2000227,"Unknown/not applicable",20001506
"Dr. Neil Watts",2895,White,2000216,Male,2000149,Human,2000219,Adult,2000227,"Unknown/not applicable",20001506
"Martin Symborski",2891,White,2000216,Male,2000149,Human,2000219,Adult,2000227,"Unknown/not applicable",20001506
"Katya Kozlova",2890,White,2000216,Female,2000148,Human,2000219,Adult,2000227,"Unknown/not applicable",20001506
"Angel (Blade Runner 2049)",2889,White,2000216,Female,2000148,Human,2000219,Adult,2000227,"Unknown/not applicable",20001506
"Ellery Vas",2887,"Unknown/not applicable",2000217,Female,2000148,Human,2000219,"Unknown/Not applicable",20001918,"Unknown/not applicable",20001506
"AC-130 TV operator",2886,"Unknown/not applicable",2000217,Male,2000149,Human,2000219,"Unknown/Not applicable",20001918,"Unknown/not applicable",20001506
"John ""Soap"" MacTavish",2881,White,2000216,Male,2000149,Human,2000219,Adult,2000227,"Unknown/not applicable",20001506
"Agents (Satellite Reign)",2878,"Unknown/not applicable",2000217,"Unknown/Not applicable",2000151,Machine,2000220,Adult,2000227,"Unknown/not applicable",20001506
"Agent Roy Merritt",2873,White,2000216,Male,2000149,Human,2000219,Adult,2000227,Heterosexual,2000999
"Charles Mosely",2870,Black,2000310,Male,2000149,Human,2000219,Adult,2000227,Heterosexual,2000999
"Marcus Yallow",2868,"Unknown/not applicable",2000217,Male,2000149,Human,2000219,"Young adult",2000225,Heterosexual,2000999
Greyson,2863,"Person of colour",2000215,Male,2000149,Human,2000219,"Young adult",2000225,"Unknown/not applicable",20001506
"Rowan Damish",2860,"Person of colour",2000215,Male,2000149,Human,2000219,"Young adult",2000225,Heterosexual,2000999
"Citra Terranova/Scythe Anastasia",2858,"Person of colour",2000215,Female,2000148,Human,2000219,"Young adult",2000225,Heterosexual,2000999
Thunderhead,2857,"Unknown/not applicable",2000217,"Unknown/Not applicable",2000151,Machine,2000220,Adult,2000227,"Unknown/not applicable",20001506
"Francis Pritchard",2855,White,2000216,Male,2000149,Human,2000219,Adult,2000227,"Unknown/not applicable",20001506
"Adam Jensen",2854,White,2000216,Male,2000149,Cyborg,2000221,Adult,2000227,"Unknown/not applicable",20001506
"Iconic Black Woman",2851,Black,2000310,Female,2000148,Human,2000219,Adult,2000227,"Unknown/not applicable",20001506
"Nova Terra",2848,White,2000216,Female,2000148,Human,2000219,Adult,2000227,"Unknown/not applicable",20001506
"Akihabara (NAMAHAGE in Tokyo)",2846,Asian,2000323,Male,2000149,Human,2000219,"Young adult",2000225,"Unknown/not applicable",20001506
"Valerian Mengsk",2844,White,2000216,Male,2000149,Human,2000219,Adult,2000227,"Unknown/not applicable",20001506
"Jim Raynor",2843,White,2000216,Male,2000149,Human,2000219,Adult,2000227,Heterosexual,2000999
"Arcturus Mengsk",2842,White,2000216,Male,2000149,Human,2000219,Adult,2000227,"Unknown/not applicable",20001506
"Unnamed android (The Talos Principle)",2839,"Unknown/not applicable",2000217,"Unknown/Not applicable",2000151,Machine,2000220,"Unknown/Not applicable",20001918,"Unknown/not applicable",20001506
"Gangsters (Security Cameras)",2838,Black,2000310,Male,2000149,Human,2000219,Adult,2000227,"Unknown/not applicable",20001506
"""3D Binna Choi""",2830,Asian,2000323,Female,2000148,Human,2000219,Adult,2000227,"Unknown/not applicable",20001506
"The Mauler Twins",2829,"Unknown/not applicable",2000217,Male,2000149,"Fictional species",2000223,"Unknown/Not applicable",20001918,"Unknown/not applicable",20001506
"The (new) Guardians of the Globe",2827,"Unknown/not applicable",2000217,"Unknown/Not applicable",2000151,"Unknown/Not applicable",20001917,"Unknown/Not applicable",20001918,"Unknown/not applicable",20001506
"Global Defense Agency",2826,White,2000216,Male,2000149,Human,2000219,Adult,2000227,"Unknown/not applicable",20001506
X-Men,2818,"Unknown/not applicable",2000217,"Unknown/Not applicable",2000151,"Fictional species",2000223,"Unknown/Not applicable",20001918,"Unknown/not applicable",20001506
Vision,2816,"Unknown/not applicable",2000217,Male,2000149,Machine,2000220,Adult,2000227,"Unknown/not applicable",20001506
"James Rhodes",2815,Black,2000310,Male,2000149,Human,2000219,Adult,2000227,"Unknown/not applicable",20001506
"Mark Grayson",2814,Multiple/complex,2000324,Male,2000149,"Fictional species",2000223,"Young adult",2000225,Heterosexual,2000999
"Robot (Invincible)",2813,"Unknown/not applicable",2000217,Male,2000149,Machine,2000220,"Unknown/Not applicable",20001918,"Unknown/not applicable",20001506
"Moff Gideon",2808,Multiple/complex,2000324,Male,2000149,Human,2000219,Adult,2000227,"Unknown/not applicable",20001506
"Edward (The Peripheral)",2801,Black,2000310,Male,2000149,Human,2000219,Adult,2000227,Homosexual,20001199
Verity,2797,White,2000216,Female,2000148,Human,2000219,Adult,2000227,Heterosexual,2000999
Eunice/UNISS,2796,Black,2000310,Female,2000148,Machine,2000220,Adult,2000227,"Unknown/not applicable",20001506
"Dalton Woolfe",2794,White,2000216,Male,2000149,Human,2000219,Adult,2000227,"Unknown/not applicable",20001506
"Sabine Brandt",2792,White,2000216,Female,2000148,Human,2000219,Adult,2000227,"Unknown/not applicable",20001506
Holston,2789,"Unknown/not applicable",2000217,Male,2000149,Human,2000219,Adult,2000227,Heterosexual,2000999
Bagley,2787,"Unknown/not applicable",2000217,Male,2000149,Machine,2000220,"Unknown/Not applicable",20001918,"Unknown/not applicable",20001506
"DedSec Operative",2786,"Unknown/not applicable",2000217,"Unknown/Not applicable",2000151,Human,2000219,"Unknown/Not applicable",20001918,"Unknown/not applicable",20001506
Compis,2782,"Unknown/not applicable",2000217,Male,2000149,Machine,2000220,"Young adult",2000225,"Unknown/not applicable",20001506
Fredrik,2780,,,Male,2000149,Human,2000219,"Young adult",2000225,,
Leo,2779,White,2000216,Male,2000149,Human,2000219,"Young adult",2000225,"Unknown/not applicable",20001506
"Gideon DeKalb's mother",2777,"Unknown/not applicable",2000217,Female,2000148,Human,2000219,Adult,2000227,"Unknown/not applicable",20001506
"Gideon DeKalb",2775,White,2000216,Female,2000148,Human,2000219,"Young adult",2000225,"Unknown/not applicable",20001506
"Unknown woman (The Rain)",2773,White,2000216,Female,2000148,Human,2000219,Adult,2000227,Heterosexual,2000999
"The Operator (Lifeline)",2770,"Unknown/not applicable",2000217,Male,2000149,Human,2000219,Adult,2000227,Heterosexual,2000999
"Anthony Lund",2768,White,2000216,Male,2000149,Human,2000219,Adult,2000227,Heterosexual,2000999
Alfred,2767,White,2000216,Male,2000149,Human,2000219,Elderly,2000226,"Unknown/not applicable",20001506
"Simon Stagg",2765,White,2000216,Male,2000149,Human,2000219,Adult,2000227,"Unknown/not applicable",20001506
"""Max Dovey""",2762,White,2000216,Male,2000149,Human,2000219,Adult,2000227,"Unknown/not applicable",20001506
"Soldiers (Interface)",2759,"Unknown/not applicable",2000217,Male,2000149,Human,2000219,Adult,2000227,"Unknown/not applicable",20001506
"Suspect (Interface)",2758,"Unknown/not applicable",2000217,Male,2000149,Human,2000219,Adult,2000227,"Unknown/not applicable",20001506
"Consumer (Belief Systems)",2756,White,2000216,Female,2000148,Human,2000219,Adult,2000227,"Unknown/not applicable",20001506
"Deep Face Dude",2754,White,2000216,Male,2000149,Human,2000219,"Unknown/Not applicable",20001918,"Unknown/not applicable",20001506
Nannybot,2753,White,2000216,Female,2000148,Machine,2000220,Adult,2000227,"Unknown/not applicable",20001506
"Female Device Users",2752,"Unknown/not applicable",2000217,Female,2000148,Human,2000219,Adult,2000227,"Unknown/not applicable",20001506
"Animals (Encounters)",2751,"Unknown/not applicable",2000217,"Unknown/Not applicable",2000151,Animal,2000222,"Unknown/Not applicable",20001918,"Unknown/not applicable",20001506
Darren,2750,White,2000216,Male,2000149,Human,2000219,"Young adult",2000225,"Unknown/not applicable",20001506
"Doctor (Seed)",2748,Black,2000310,Male,2000149,Human,2000219,Adult,2000227,"Unknown/not applicable",20001506
"Security company (Seed)",2747,White,2000216,"Unknown/Not applicable",2000151,Human,2000219,Adult,2000227,"Unknown/not applicable",20001506
"Human children",2745,"Unknown/not applicable",2000217,"Unknown/Not applicable",2000151,Human,2000219,Child,2000224,"Unknown/not applicable",20001506
"""Doug Rosman""",2744,White,2000216,Male,2000149,Human,2000219,Adult,2000227,"Unknown/not applicable",20001506
"White Collar Criminal",2743,White,2000216,Male,2000149,Human,2000219,Adult,2000227,"Unknown/not applicable",20001506
"""Bill Hader""",2742,White,2000216,Male,2000149,Human,2000219,Adult,2000227,"Unknown/not applicable",20001506
"Asylum patients (Outlast)",2736,"Unknown/not applicable",2000217,Male,2000149,"Fictional species",2000223,Adult,2000227,"Unknown/not applicable",20001506
Animatrons,2735,"Unknown/not applicable",2000217,"Unknown/Not applicable",2000151,Machine,2000220,"Unknown/Not applicable",20001918,"Unknown/not applicable",20001506
"Machine animals",2734,"Unknown/not applicable",2000217,"Unknown/Not applicable",2000151,"Machine, Animal","2000220, 2000222","Unknown/Not applicable",20001918,"Unknown/not applicable",20001506
"Red Girls",2733,White,2000216,Non-binary/Other,2000150,Machine,2000220,Child,2000224,"Unknown/not applicable",20001506
9S,2731,White,2000216,Male,2000149,Machine,2000220,Adult,2000227,"Unknown/not applicable",20001506
"Natali Kuroshenko",2730,White,2000216,Female,2000148,Human,2000219,Adult,2000227,Homosexual,20001199
"Corporal Mandy Bale",2728,"Person of colour",2000215,Female,2000148,Human,2000219,Adult,2000227,"Unknown/not applicable",20001506
"Captain Leo",2725,Black,2000310,Male,2000149,Machine,2000220,Adult,2000227,"Unknown/not applicable",20001506
"Lt. Thomas Harp",2724,Black,2000310,Male,2000149,Human,2000219,Adult,2000227,Heterosexual,2000999
"Daniel Lyons",2720,White,2000216,Male,2000149,Human,2000219,Adult,2000227,Homosexual,20001199
South,2718,White,2000216,Male,2000149,Human,2000219,Adult,2000227,"Unknown/not applicable",20001506
Chloe,2713,White,2000216,Female,2000148,Human,2000219,Child,2000224,"Unknown/not applicable",20001506
"William Daniels",2708,Indigenous,2000214,Male,2000149,Human,2000219,Adult,2000227,Heterosexual,2000999
Oz,2699,Asian,2000323,Male,2000149,Cyborg,2000221,Adult,2000227,"Unknown/not applicable",20001506
"Jim Compagnoni",2698,White,2000216,Male,2000149,Human,2000219,Adult,2000227,"Unknown/not applicable",20001506
"The Boy",2692,"Unknown/not applicable",2000217,Male,2000149,Machine,2000220,Child,2000224,"Unknown/not applicable",20001506
"The Man",2691,White,2000216,Male,2000149,Human,2000219,Adult,2000227,"Unknown/not applicable",20001506
"Alex Neville",2685,White,2000216,Male,2000149,Human,2000219,"Young adult",2000225,"Unknown/not applicable",20001506
Shelly,2681,"Unknown/not applicable",2000217,Female,2000148,Animal,2000222,"Unknown/Not applicable",20001918,"Unknown/not applicable",20001506
"Unknown hacker (Hyper reality)",2680,"Unknown/not applicable",2000217,"Unknown/Not applicable",2000151,Human,2000219,"Unknown/Not applicable",20001918,"Unknown/not applicable",20001506
"Juliana Restrepo",2678,"Person of colour",2000215,Female,2000148,Human,2000219,Adult,2000227,"Unknown/not applicable",20001506
Amber,2674,White,2000216,Female,2000148,Human,2000219,Adult,2000227,Heterosexual,2000999
Daniel,2673,White,2000216,Male,2000149,Human,2000219,Adult,2000227,Heterosexual,2000999
"Krissana Khongtip",2669,Asian,2000323,Female,2000148,Cyborg,2000221,Adult,2000227,Homosexual,20001199
"Orfea Leung",2668,Asian,2000323,Female,2000148,Human,2000219,Adult,2000227,Homosexual,20001199
Louisa,2662,White,2000216,Female,2000148,Human,2000219,Adult,2000227,"Unknown/not applicable",20001506
"Max robot",2661,"Unknown/not applicable",2000217,"Unknown/Not applicable",2000151,Machine,2000220,"Unknown/Not applicable",20001918,"Unknown/not applicable",20001506
Nigel,2660,White,2000216,Male,2000149,Human,2000219,Elderly,2000226,"Unknown/not applicable",20001506
Pig,2658,"Unknown/not applicable",2000217,"Unknown/Not applicable",2000151,Animal,2000222,"Unknown/Not applicable",20001918,"Unknown/not applicable",20001506
"Hungry Man",2656,White,2000216,Male,2000149,Human,2000219,Adult,2000227,"Unknown/not applicable",20001506
"Garm Galtung (Utbryterne)",2653,White,2000216,Male,2000149,Human,2000219,Adult,2000227,Heterosexual,2000999
"Noah (Utbryterne)",2641,White,2000216,Male,2000149,Human,2000219,"Young adult",2000225,Heterosexual,2000999
"Unnamed technician (Gnomon)",2639,"Unknown/not applicable",2000217,Male,2000149,Human,2000219,Adult,2000227,"Unknown/not applicable",20001506
"""Incubus""",2636,White,2000216,Male,2000149,Human,2000219,Adult,2000227,"Unknown/not applicable",20001506
"Mielikki Neith (Gnomon)",2634,"Unknown/not applicable",2000217,Female,2000148,Human,2000219,Adult,2000227,"Unknown/not applicable",20001506
"Diana Hunter (Gnomon)",2633,"Unknown/not applicable",2000217,Female,2000148,Human,2000219,Elderly,2000226,"Unknown/not applicable",20001506
"Carla (Utbryterne)",2640,"Person of colour",2000215,Female,2000148,Human,2000219,"Young adult",2000225,Heterosexual,2000999
"Scary Skull Cyborg",2629,"Unknown/not applicable",2000217,"Unknown/Not applicable",2000151,Cyborg,2000221,"Unknown/Not applicable",20001918,"Unknown/not applicable",20001506
"""Megadeath""",2627,White,2000216,Male,2000149,Human,2000219,Adult,2000227,"Unknown/not applicable",20001506
"Light Hope",2623,"Unknown/not applicable",2000217,Female,2000148,Machine,2000220,Adult,2000227,"Unknown/not applicable",20001506
Catra,2621,"Unknown/not applicable",2000217,Female,2000148,"Fictional species",2000223,Adult,2000227,"Unknown/not applicable",20001506
"Michael de Santa",2616,White,2000216,Male,2000149,Human,2000219,Adult,2000227,Heterosexual,2000999
"The Princesses",2610,"Unknown/not applicable",2000217,Female,2000148,"Fictional species",2000223,"Unknown/Not applicable",20001918,"Unknown/not applicable",20001506
"The Horde",2609,"Unknown/not applicable",2000217,"Unknown/Not applicable",2000151,"Unknown/Not applicable",20001917,"Unknown/Not applicable",20001918,"Unknown/not applicable",20001506
She-Ra/Adora,2608,White,2000216,Female,2000148,Human,2000219,Adult,2000227,"Unknown/not applicable",20001506
"Donna Hawthorne",2604,White,2000216,Female,2000148,Human,2000219,Adult,2000227,"Unknown/not applicable",20001506
"Fred (undercover cop)",2603,White,2000216,Male,2000149,Human,2000219,Adult,2000227,Heterosexual,2000999
"Bob Arctor",2600,White,2000216,Male,2000149,Human,2000219,Adult,2000227,Heterosexual,2000999
"Go Nan-do",2596,Asian,2000323,Male,2000149,Human,2000219,Adult,2000227,Heterosexual,2000999
"Go Yoo-jin",2591,Asian,2000323,Female,2000148,Human,2000219,Adult,2000227,"Unknown/not applicable",20001506
Superintelligence,2589,"Unknown/not applicable",2000217,Male,2000149,Machine,2000220,"Unknown/Not applicable",20001918,"Unknown/not applicable",20001506
Carol,2588,White,2000216,Female,2000148,Human,2000219,Adult,2000227,Heterosexual,2000999
"User 2 (DOOR and BOX)",2584,White,2000216,Male,2000149,Human,2000219,"Young adult",2000225,"Unknown/not applicable",20001506
"User 1 (DOOR and BOX)",2583,"Person of colour",2000215,Female,2000148,Human,2000219,"Young adult",2000225,"Unknown/not applicable",20001506
Mitchell,2572,White,2000216,Male,2000149,Human,2000219,Adult,2000227,Heterosexual,2000999
"Amazon Mechanical Turk worker (Lacework)",2568,,,,,Human,2000219,Adult,2000227,,
"Han So-Yeon",2563,Asian,2000323,Female,2000148,Human,2000219,Adult,2000227,"Unknown/not applicable",20001506
Holo,2562,Asian,2000323,Male,2000149,Machine,2000220,Adult,2000227,"Unknown/not applicable",20001506
Father,2560,Black,2000310,Male,2000149,Machine,2000220,Adult,2000227,"Unknown/not applicable",20001506
Otho,2558,"Unknown/not applicable",2000217,Male,2000149,Human,2000219,Adult,2000227,"Unknown/not applicable",20001506
Tempest,2557,Black,2000310,Female,2000148,Human,2000219,"Young adult",2000225,"Unknown/not applicable",20001506
"Campion Sturges",2550,White,2000216,Male,2000149,Human,2000219,Adult,2000227,"Unknown/not applicable",20001506
"Rudolf Blodstrupmoen",2548,White,2000216,Male,2000149,Human,2000219,Adult,2000227,"Unknown/not applicable",20001506
"Reodor Felgen",2547,White,2000216,Male,2000149,Human,2000219,Adult,2000227,"Unknown/not applicable",20001506
"Adrian Griffin",2540,White,2000216,Male,2000149,Human,2000219,Adult,2000227,Heterosexual,2000999
"Cecilia Kass",2539,White,2000216,Female,2000148,Human,2000219,Adult,2000227,Heterosexual,2000999
"Strangers (Digital Skin)",2534,"Unknown/not applicable",2000217,"Unknown/Not applicable",2000151,Human,2000219,Adult,2000227,"Unknown/not applicable",20001506
Atari,2530,Asian,2000323,Male,2000149,Human,2000219,Child,2000224,"Unknown/not applicable",20001506
Ursula,2522,"Unknown/not applicable",2000217,Female,2000148,Human,2000219,Child,2000224,"Unknown/not applicable",20001506
Ben,2517,White,2000216,Male,2000149,Human,2000219,"Young adult",2000225,Heterosexual,2000999
"Enemies (Raised by Wolves)",2515,"Unknown/not applicable",2000217,"Unknown/Not applicable",2000151,Human,2000219,Adult,2000227,"Unknown/not applicable",20001506
"Children (Raised by Wolves)",2514,"Unknown/not applicable",2000217,"Unknown/Not applicable",2000151,Human,2000219,Child,2000224,"Unknown/not applicable",20001506
"Cutter Colby",2511,Black,2000310,Female,2000148,Human,2000219,Adult,2000227,"Unknown/not applicable",20001506
"Lucky 13",2510,"Unknown/not applicable",2000217,"Unknown/Not applicable",2000151,Machine,2000220,"Unknown/Not applicable",20001918,"Unknown/not applicable",20001506
"Thug (Cyberpunk 2077)",2509,"Unknown/not applicable",2000217,Male,2000149,Human,2000219,Adult,2000227,"Unknown/not applicable",20001506
"Holographic Fight Host",2507,White,2000216,Male,2000149,Human,2000219,Adult,2000227,"Unknown/not applicable",20001506
Suzy,2504,White,2000216,Female,2000148,Human,2000219,Adult,2000227,"Unknown/not applicable",20001506
"Valin Hess",2501,White,2000216,Male,2000149,Human,2000219,Adult,2000227,"Unknown/not applicable",20001506
"Migs Mayfield",2500,White,2000216,Male,2000149,Human,2000219,Adult,2000227,"Unknown/not applicable",20001506
"Din Djarin",2499,Multiple/complex,2000324,Male,2000149,Human,2000219,Adult,2000227,"Unknown/not applicable",20001506
"Box robot (Love, Death & Robots)",2497,"Unknown/not applicable",2000217,Female,2000148,Machine,2000220,"Unknown/Not applicable",20001918,"Unknown/not applicable",20001506
"Small robot (Love, Death & Robots)",2496,"Unknown/not applicable",2000217,Male,2000149,Machine,2000220,"Unknown/Not applicable",20001918,"Unknown/not applicable",20001506
"Humanoid robot (Love, Death & Robots)",2495,"Unknown/not applicable",2000217,Male,2000149,Machine,2000220,"Unknown/Not applicable",20001918,"Unknown/not applicable",20001506
"Life coach (Cyberpunk 2077)",2494,Asian,2000323,Male,2000149,"Unknown/Not applicable",20001917,Adult,2000227,"Unknown/not applicable",20001506
"Wu Lo (Bouvetøya 2052)",2486,Asian,2000323,Male,2000149,Human,2000219,Adult,2000227,"Unknown/not applicable",20001506
"Julian Makowski (Bouvetøya 2052)",2483,White,2000216,Male,2000149,Human,2000219,Child,2000224,,
"Armin (Bouvetøya 2052)",2479,"Unknown/not applicable",2000217,Male,2000149,Human,2000219,Adult,2000227,Heterosexual,2000999
"Grol (Bouvetøya 2052)",2478,"Unknown/not applicable",2000217,Male,2000149,Human,2000219,Adult,2000227,"Unknown/not applicable",20001506
Viktor,2474,White,2000216,Male,2000149,Cyborg,2000221,Adult,2000227,"Unknown/not applicable",20001506
V,2473,"Unknown/not applicable",2000217,"Unknown/Not applicable",2000151,Cyborg,2000221,Adult,2000227,"Unknown/not applicable",20001506
"Emma human",2467,"Unknown/not applicable",2000217,Female,2000148,Human,2000219,"Young adult",2000225,"Unknown/not applicable",20001506
XR_935,2464,"Unknown/not applicable",2000217,"Unknown/Not applicable",2000151,Machine,2000220,"Unknown/Not applicable",20001918,"Unknown/not applicable",20001506
"Elders (... som duften av en drøm)",2461,"Unknown/not applicable",2000217,"Unknown/Not applicable",2000151,Human,2000219,Elderly,2000226,"Unknown/not applicable",20001506
"Reader (... som duften av en drøm)",2460,"Unknown/not applicable",2000217,"Unknown/Not applicable",2000151,Human,2000219,Adult,2000227,"Unknown/not applicable",20001506
"Hologram lady (Too much)",2452,Black,2000310,Female,2000148,Machine,2000220,Adult,2000227,"Unknown/not applicable",20001506
"""Marshmello""",2451,"Unknown/not applicable",2000217,"Unknown/Not applicable",2000151,Machine,2000220,"Unknown/Not applicable",20001918,"Unknown/not applicable",20001506
"""Usher""",2450,Black,2000310,Male,2000149,Human,2000219,Adult,2000227,"Unknown/not applicable",20001506
"Katarina Berg",2445,White,2000216,Female,2000148,Human,2000219,Adult,2000227,"Unknown/not applicable",20001506
"Guard (Rugal)",2439,Asian,2000323,Male,2000149,Human,2000219,Adult,2000227,"Unknown/not applicable",20001506
Bradley,2435,Asian,2000323,Male,2000149,Human,2000219,Adult,2000227,"Unknown/not applicable",20001506
Dust,2430,Multiple/complex,2000324,"Unknown/Not applicable",2000151,"Fictional species",2000223,"Unknown/Not applicable",20001918,"Unknown/not applicable",20001506
"Mary Malone",2429,White,2000216,Female,2000148,Human,2000219,Adult,2000227,"Unknown/not applicable",20001506
"Lyra Silvertongue",2428,White,2000216,Female,2000148,Human,2000219,"Young adult",2000225,"Unknown/not applicable",20001506
"Alex Kamal",2421,Multiple/complex,2000324,Male,2000149,Human,2000219,Adult,2000227,Heterosexual,2000999
"Josephus Miller",2420,White,2000216,Male,2000149,Human,2000219,Adult,2000227,Heterosexual,2000999
"Amos Burton",2419,White,2000216,Male,2000149,Human,2000219,Adult,2000227,,
"Naomi Nagata",2414,Multiple/complex,2000324,Female,2000148,Human,2000219,Adult,2000227,Heterosexual,2000999
"Three high-school aged girls (The Fall)",2407,"Unknown/not applicable",2000217,Female,2000148,Human,2000219,"Young adult",2000225,,
"Sophia (Fall)",2404,Black,2000310,Female,2000148,Human,2000219,Adult,2000227,,
Subramanian,2400,Asian,2000323,Female,2000148,Human,2000219,Adult,2000227,Heterosexual,2000999
"Bhaskara Poduva",2399,Asian,2000323,Male,2000149,Human,2000219,Elderly,2000226,"Unknown/not applicable",20001506
Kunjappan,2398,"Unknown/not applicable",2000217,"Unknown/Not applicable",2000151,Machine,2000220,"Unknown/Not applicable",20001918,"Unknown/not applicable",20001506
"Srivalli's little brother",2394,Asian,2000323,Male,2000149,Human,2000219,Child,2000224,"Unknown/not applicable",20001506
Verma,2392,Asian,2000323,Male,2000149,Human,2000219,Adult,2000227,"Unknown/not applicable",20001506
Srivalli,2391,Asian,2000323,Female,2000148,Human,2000219,Adult,2000227,Bi-sexual,20001174
"The Physiologist (Cosmodrama)",2380,White,2000216,Female,2000148,Human,2000219,Adult,2000227,Bi-sexual,20001174
"Monkey (Cosmodrama)",2379,"Unknown/not applicable",2000217,"Unknown/Not applicable",2000151,Animal,2000222,Adult,2000227,"Unknown/not applicable",20001506
"Psychologist (Cosmodrama)",2376,White,2000216,Male,2000149,Human,2000219,Adult,2000227,,
"La femme des ondes/ the woman from the waves (Cosmodrama)",2375,White,2000216,Female,2000148,Human,2000219,Adult,2000227,"Unknown/not applicable",20001506
"Astronomer (Cosmodrama)",2374,White,2000216,Male,2000149,Human,2000219,Elderly,2000226,"Unknown/not applicable",20001506
"Reporter (Cosmodrama)",2373,White,2000216,Male,2000149,Human,2000219,Adult,2000227,Heterosexual,2000999
"Pakshi Rajan/Birds",2369,"Unknown/not applicable",2000217,"Unknown/Not applicable",2000151,"Fictional species",2000223,"Unknown/Not applicable",20001918,"Unknown/not applicable",20001506
"Chitti the robot",2365,"Unknown/not applicable",2000217,Male,2000149,Machine,2000220,Adult,2000227,Heterosexual,2000999
"Nila the robot",2364,"Unknown/not applicable",2000217,Female,2000148,Machine,2000220,Adult,2000227,Heterosexual,2000999
"Dr. Vaseegaran",2363,Asian,2000323,Male,2000149,Human,2000219,Adult,2000227,"Unknown/not applicable",20001506
Gabriela,2357,"Person of colour",2000215,Female,2000148,Human,2000219,Adult,2000227,"Unknown/not applicable",20001506
Grandmaster,2353,White,2000216,Male,2000149,"Fictional species",2000223,Elderly,2000226,"Unknown/not applicable",20001506
Thor,2352,White,2000216,Male,2000149,"Fictional species",2000223,Adult,2000227,Heterosexual,2000999
"Virtual friends (Best friend)",2349,,,,,Machine,2000220,,,,
"Homeless man (Best friend)",2348,White,2000216,Male,2000149,Human,2000219,Elderly,2000226,"Unknown/not applicable",20001506
"Camille (Best friend)",2347,White,2000216,Female,2000148,Machine,2000220,Adult,2000227,"Unknown/not applicable",20001506
"Arthur (Best Friend)",2346,White,2000216,Male,2000149,Human,2000219,Adult,2000227,,
"S.H.I.E.L.D. agents",2337,"Unknown/not applicable",2000217,"Unknown/Not applicable",2000151,Human,2000219,Adult,2000227,"Unknown/not applicable",20001506
Hawkeye,2335,White,2000216,Male,2000149,Human,2000219,Adult,2000227,Heterosexual,2000999
Loki,2334,White,2000216,Male,2000149,"Fictional species",2000223,Adult,2000227,"Unknown/not applicable",20001506
"Agent Phil Coulson",2331,White,2000216,Male,2000149,Human,2000219,Adult,2000227,"Unknown/not applicable",20001506
"David 8",2328,White,2000216,Male,2000149,Machine,2000220,Adult,2000227,"Unknown/not applicable",20001506
"Peter Weyland",2324,White,2000216,Male,2000149,Human,2000219,Elderly,2000226,"Unknown/not applicable",20001506
"Space station/ship crew members",2319,"Unknown/not applicable",2000217,"Unknown/Not applicable",2000151,Human,2000219,Adult,2000227,"Unknown/not applicable",20001506
"Dr. Elizabeth Shaw",2318,White,2000216,Female,2000148,Human,2000219,Adult,2000227,Heterosexual,2000999
"The Engineers (Prometheus)",2314,"Unknown/not applicable",2000217,Male,2000149,"Fictional species",2000223,Adult,2000227,"Unknown/not applicable",20001506
Cutter,2313,White,2000216,Male,2000149,Human,2000219,Adult,2000227,"Unknown/not applicable",20001506
Batou,2312,White,2000216,Male,2000149,Human,2000219,Adult,2000227,"Unknown/not applicable",20001506
Major,2311,White,2000216,Female,2000148,Cyborg,2000221,Adult,2000227,"Unknown/not applicable",20001506
"Dr. Ryan Stone",2308,White,2000216,Female,2000148,Human,2000219,Adult,2000227,"Unknown/not applicable",20001506
"Nurse Gerhad",2303,Black,2000310,Female,2000148,Human,2000219,Adult,2000227,"Unknown/not applicable",20001506
"Dr. Dyson Ido",2302,White,2000216,Male,2000149,Human,2000219,Elderly,2000226,Heterosexual,2000999
Alita,2301,White,2000216,Female,2000148,Cyborg,2000221,Adult,2000227,Heterosexual,2000999
Edit,2293,White,2000216,Female,2000148,Human,2000219,"Young adult",2000225,"Unknown/not applicable",20001506
"Sleeping crew members (2001: A Space Odyssey)",2285,"Unknown/not applicable",2000217,"Unknown/Not applicable",2000151,Human,2000219,Adult,2000227,"Unknown/not applicable",20001506
HAL,2280,"Unknown/not applicable",2000217,"Unknown/Not applicable",2000151,Machine,2000220,"Unknown/Not applicable",20001918,"Unknown/not applicable",20001506
"Dr. Frank Poole",2279,White,2000216,Male,2000149,Human,2000219,Adult,2000227,"Unknown/not applicable",20001506
"Dr. David Bowman",2278,White,2000216,Male,2000149,Human,2000219,Adult,2000227,"Unknown/not applicable",20001506
"Dr. Floyd's daughter",2274,White,2000216,Female,2000148,Human,2000219,Child,2000224,"Unknown/not applicable",20001506
"Dr. Heywood Floyd",2273,White,2000216,Male,2000149,Human,2000219,Adult,2000227,"Unknown/not applicable",20001506
"Gus Mancuso",2264,Black,2000310,Male,2000149,Human,2000219,Elderly,2000226,"Unknown/not applicable",20001506
"Aurora Lane",2263,White,2000216,Female,2000148,Human,2000219,Adult,2000227,Heterosexual,2000999
"Jim Preston",2262,White,2000216,Male,2000149,Human,2000219,Adult,2000227,Heterosexual,2000999
Scavengers,2256,,,,,Human,2000219,,,,
"Victoria “Vika” Olsen",2254,White,2000216,Female,2000148,Human,2000219,Adult,2000227,Heterosexual,2000999
"Jack Harper",2253,White,2000216,Male,2000149,Human,2000219,Adult,2000227,Heterosexual,2000999
"Annotator (Suspicious Behavior)",2245,"Unknown/not applicable",2000217,"Unknown/Not applicable",2000151,Human,2000219,Adult,2000227,,
"Moritz Zimmermann",2235,White,2000216,Male,2000149,Human,2000219,"Young adult",2000225,Heterosexual,2000999
"Paul Vanhove",2228,White,2000216,Male,2000149,Human,2000219,Adult,2000227,Heterosexual,2000999
"Esther Vanhove",2227,White,2000216,Female,2000148,Human,2000219,Adult,2000227,Heterosexual,2000999
"WeUs pillform technology",2219,,,,,Machine,2000220,,,,
Keaboka,2218,Black,2000310,Male,2000149,Human,2000219,Adult,2000227,"Unknown/not applicable",20001506
"Sentinel (The Matrix)",2216,,,,,Machine,2000220,,,,
"Agents (sentient programs)",2213,,,,,Machine,2000220,,,,
"Narrator (Behind our irises)",2212,Black,2000310,Female,2000148,Human,2000219,Adult,2000227,Heterosexual,2000999
"crew (Six Wakes)",2210,Multiple/complex,2000324,,,Human,2000219,Adult,2000227,,
IAN,2209,Asian,2000323,Male,2000149,Machine,2000220,Adult,2000227,"Unknown/not applicable",20001506
Aline,2202,"Person of colour",2000215,Female,2000148,Human,2000219,Adult,2000227,"Unknown/not applicable",20001506
Ezequiel,2201,White,2000216,Male,2000149,Human,2000219,Adult,2000227,Heterosexual,2000999
"Balem Abrasax",2200,White,2000216,Male,2000149,"Fictional species",2000223,,,,
"Peter B. Parker",2192,White,2000216,Male,2000149,Human,2000219,Adult,2000227,,
"Professor X",2187,White,2000216,Male,2000149,Human,2000219,Adult,2000227,"Unknown/not applicable",20001506
"Sentinels (X-Men: Days of Future Past)",2183,"Unknown/not applicable",2000217,"Unknown/Not applicable",2000151,Machine,2000220,"Unknown/Not applicable",20001918,"Unknown/not applicable",20001506
Mystique,2181,White,2000216,Female,2000148,Human,2000219,Adult,2000227,"Unknown/not applicable",20001506
"Lando Calrissian",2179,Black,2000310,Male,2000149,Human,2000219,Adult,2000227,"Unknown/not applicable",20001506
"Rose Tico",2177,Asian,2000323,Female,2000148,Human,2000219,Adult,2000227,Heterosexual,2000999
"Captain Canady",2173,White,2000216,Male,2000149,Human,2000219,Adult,2000227,"Unknown/not applicable",20001506
"General Hux",2172,White,2000216,Male,2000149,Human,2000219,Adult,2000227,"Unknown/not applicable",20001506
C-3PO,2164,"Unknown/not applicable",2000217,Non-binary/Other,2000150,Machine,2000220,"Unknown/Not applicable",20001918,"Unknown/not applicable",20001506
R2-D2,2163,"Unknown/not applicable",2000217,Non-binary/Other,2000150,Machine,2000220,"Unknown/Not applicable",20001918,"Unknown/not applicable",20001506
BB-8,2162,"Unknown/not applicable",2000217,Non-binary/Other,2000150,Machine,2000220,"Unknown/Not applicable",20001918,"Unknown/not applicable",20001506
Snoke,2161,White,2000216,Male,2000149,"Fictional species",2000223,Elderly,2000226,"Unknown/not applicable",20001506
"Luke Skywalker",2160,White,2000216,Male,2000149,Human,2000219,Elderly,2000226,Heterosexual,2000999
"Leia Skywalker Organa Solo",2159,White,2000216,Female,2000148,Human,2000219,Elderly,2000226,Heterosexual,2000999
"Han Solo",2157,White,2000216,Male,2000149,Human,2000219,Elderly,2000226,Heterosexual,2000999
"Poe Dameron",2156,White,2000216,Male,2000149,Human,2000219,Adult,2000227,Heterosexual,2000999
Finn,2155,Black,2000310,Male,2000149,Human,2000219,Adult,2000227,Heterosexual,2000999
"Rey Skywalker",2154,White,2000216,Female,2000148,Human,2000219,Adult,2000227,Heterosexual,2000999
"Alexander Pierce",2150,White,2000216,Male,2000149,Human,2000219,Adult,2000227,"Unknown/not applicable",20001506
"Nick Fury",2149,Black,2000310,Male,2000149,Human,2000219,Adult,2000227,"Unknown/not applicable",20001506
Amaro,2141,Black,2000310,Female,2000148,Human,2000219,Adult,2000227,"Unknown/not applicable",20001506
"Pizza delivery boy (Screenslaver)",2138,White,2000216,Male,2000149,Human,2000219,"Young adult",2000225,"Unknown/not applicable",20001506
"Bob Parr/ Mr. Incredible",2136,White,2000216,Male,2000149,Human,2000219,Adult,2000227,Heterosexual,2000999
"Mindy Park",2130,White,2000216,Female,2000148,Human,2000219,Adult,2000227,"Unknown/not applicable",20001506
Cordelia,2114,"Unknown/not applicable",2000217,Female,2000148,Machine,2000220,Adult,2000227,"Unknown/not applicable",20001506
Mariette,2113,White,2000216,Female,2000148,Human,2000219,Adult,2000227,"Unknown/not applicable",20001506
Joi,2112,White,2000216,Female,2000148,Machine,2000220,Adult,2000227,Heterosexual,2000999
"Starfleet officer Thomas Harewood",2111,Black,2000310,Male,2000149,Human,2000219,Adult,2000227,"Unknown/not applicable",20001506
Alex,2107,White,2000216,Male,2000149,Human,2000219,Adult,2000227,,
Helena,2106,White,2000216,Female,2000148,Human,2000219,Adult,2000227,,
"The Avengers",2097,"Unknown/not applicable",2000217,"Unknown/Not applicable",2000151,"Unknown/Not applicable",20001917,Adult,2000227,"Unknown/not applicable",20001506
"Uncle Georgo",2088,"Unknown/not applicable",2000217,Male,2000149,Human,2000219,Elderly,2000226,"Unknown/not applicable",20001506
Ludoviko,2087,"Unknown/not applicable",2000217,Male,2000149,Human,2000219,"Unknown/Not applicable",20001918,"Unknown/not applicable",20001506
Rava,2086,"Unknown/not applicable",2000217,Female,2000148,Human,2000219,"Young adult",2000225,"Unknown/not applicable",20001506
"Jesse (Welcome to Your Authentic Indian ExperienceTM)",2082,"Person of colour",2000215,Female,2000148,Human,2000219,Adult,2000227,Heterosexual,2000999
Nebula,2074,"Unknown/not applicable",2000217,Female,2000148,"Fictional species",2000223,Adult,2000227,"Unknown/not applicable",20001506
"Jack-Jack Parr",2058,White,2000216,Male,2000149,Human,2000219,Child,2000224,"Unknown/not applicable",20001506
"Chad Brentley",2054,White,2000216,Male,2000149,Human,2000219,Adult,2000227,"Unknown/not applicable",20001506
"Mark Watney",2050,White,2000216,Male,2000149,Human,2000219,Adult,2000227,"Unknown/not applicable",20001506
"Sergei Valishnikov",2049,"Unknown/not applicable",2000217,Male,2000149,Human,2000219,Adult,2000227,"Unknown/not applicable",20001506
"Dr. Ana Stelline",2024,White,2000216,Female,2000148,Human,2000219,Adult,2000227,"Unknown/not applicable",20001506
"Saw Gerrera",2016,Black,2000310,Male,2000149,Human,2000219,Elderly,2000226,"Unknown/not applicable",20001506
"Jyn Erso",2014,White,2000216,Female,2000148,Human,2000219,Adult,2000227,"Unknown/not applicable",20001506
"Bodhi Rook",2012,"Person of colour",2000215,Male,2000149,Human,2000219,Adult,2000227,"Unknown/not applicable",20001506
"Cassian Andor",2011,White,2000216,Male,2000149,Human,2000219,Adult,2000227,"Unknown/not applicable",20001506
"Honey Lemon",2006,White,2000216,Female,2000148,Human,2000219,"Young adult",2000225,"Unknown/not applicable",20001506
"Evelyn Deavor",2003,White,2000216,Female,2000148,Human,2000219,Adult,2000227,"Unknown/not applicable",20001506
Prowler,1973,Black,2000310,Male,2000149,Human,2000219,Adult,2000227,,
"Miles Morales",1972,Black,2000310,Male,2000149,Human,2000219,"Young adult",2000225,Heterosexual,2000999
"Mechanical Turkers (Recoding Art)",1966,Multiple/complex,2000324,"Unknown/Not applicable",2000151,Human,2000219,Adult,2000227,"Unknown/not applicable",20001506
"Agent Smith",1958,White,2000216,Male,2000149,Machine,2000220,Adult,2000227,"Unknown/not applicable",20001506
Rebels,1957,Multiple/complex,2000324,"Unknown/Not applicable",2000151,Human,2000219,Adult,2000227,"Unknown/not applicable",20001506
Trinity,1956,White,2000216,Female,2000148,Human,2000219,Adult,2000227,Heterosexual,2000999
Morpheus,1955,Black,2000310,Male,2000149,Human,2000219,Adult,2000227,Heterosexual,2000999
Neo,1954,White,2000216,Male,2000149,Human,2000219,Adult,2000227,Heterosexual,2000999
"Workers (Outra 33 Bienal de São Paulo)",1947,"Unknown/not applicable",2000217,Male,2000149,Human,2000219,Adult,2000227,,
"Iron Man",1944,White,2000216,Male,2000149,Human,2000219,Adult,2000227,Heterosexual,2000999
"Song Mi-na",1941,Asian,2000323,Female,2000148,Human,2000219,Adult,2000227,"Unknown/not applicable",20001506
"audience (the last one)",1935,,,,,Human,2000219,,,,
"Spiders (Espécies de espaços II / Species of spaces II)",1930,"Unknown/not applicable",2000217,"Unknown/Not applicable",2000151,Animal,2000222,"Unknown/Not applicable",20001918,"Unknown/not applicable",20001506
"Production (The Last One)",1927,"Unknown/not applicable",2000217,"Unknown/Not applicable",2000151,Human,2000219,Adult,2000227,"Unknown/not applicable",20001506
Zoo,1925,White,2000216,Female,2000148,Human,2000219,Adult,2000227,Heterosexual,2000999
"""Mari Nagem""",1922,"Unknown/not applicable",2000217,Female,2000148,Human,2000219,Adult,2000227,,
"Han Tae-woong",1920,Asian,2000323,Male,2000149,Human,2000219,"Young adult",2000225,"Unknown/not applicable",20001506
"Kang Ki-beom",1919,Asian,2000323,Male,2000149,Human,2000219,Adult,2000227,"Unknown/not applicable",20001506
"Dr. Carter",1915,White,2000216,Male,2000149,Human,2000219,Adult,2000227,"Unknown/not applicable",20001506
"Master Sergeant Farrell",1914,White,2000216,Male,2000149,Human,2000219,Adult,2000227,"Unknown/not applicable",20001506
"Mr. Wallace",1910,White,2000216,Male,2000149,Cyborg,2000221,Adult,2000227,"Unknown/not applicable",20001506
"""Ma Nu""",1908,White,2000216,Female,2000148,Human,2000219,Adult,2000227,"Unknown/not applicable",20001506
Luv,1907,White,2000216,Female,2000148,Human,2000219,Adult,2000227,"Unknown/not applicable",20001506
"Officer K (K, Joe)",1905,White,2000216,Male,2000149,Human,2000219,Adult,2000227,Heterosexual,2000999
"Students (... som duften av en drøm...)",1896,"Unknown/not applicable",2000217,"Unknown/Not applicable",2000151,Human,2000219,"Young adult",2000225,"Unknown/not applicable",20001506
"Palle Olsson",1894,,,Male,2000149,Human,2000219,Adult,2000227,,
Screenslaver,1893,White,2000216,Male,2000149,Human,2000219,"Young adult",2000225,"Unknown/not applicable",20001506
Rocket,1889,Multiple/complex,2000324,Male,2000149,Animal,2000222,Adult,2000227,"Unknown/not applicable",20001506
"Inter-dimensional monster",1887,"Unknown/not applicable",2000217,"Unknown/Not applicable",2000151,"Fictional species",2000223,"Unknown/Not applicable",20001918,"Unknown/not applicable",20001506
Gamora,1885,Multiple/complex,2000324,Female,2000148,"Fictional species",2000223,Adult,2000227,Heterosexual,2000999
"Colonel Weber",1883,Black,2000310,Male,2000149,Human,2000219,Adult,2000227,"Unknown/not applicable",20001506
"Ian Donnelly",1880,White,2000216,Male,2000149,Human,2000219,Adult,2000227,Heterosexual,2000999
"Concert audience (Song for a New Day)",1878,,,,,Human,2000219,Adult,2000227,,
"Khan Noonien Singh",1862,White,2000216,Male,2000149,"Fictional species, Human","2000223, 2000219",Adult,2000227,"Unknown/not applicable",20001506
Spock,1861,"Unknown/not applicable",2000217,Male,2000149,"Fictional species",2000223,Adult,2000227,"Unknown/not applicable",20001506
"Captain James Kirk",1860,White,2000216,Male,2000149,Human,2000219,Adult,2000227,"Unknown/not applicable",20001506
"Hiro Hamada",1845,Asian,2000323,Male,2000149,Human,2000219,"Young adult",2000225,Heterosexual,2000999
Baymax,1844,"Unknown/not applicable",2000217,Male,2000149,Machine,2000220,"Unknown/Not applicable",20001918,"Unknown/not applicable",20001506
"Remi (Død og oppstandelse)",1837,White,2000216,Male,2000149,Human,2000219,Adult,2000227,Heterosexual,2000999
"Oda Fåberg (Død og oppstandelse)",1836,White,2000216,Female,2000148,Machine,2000220,Adult,2000227,Heterosexual,2000999
"Sovereign pilots (Guardians of the Galaxy)",1834,Multiple/complex,2000324,"Unknown/Not applicable",2000151,"Fictional species",2000223,Adult,2000227,"Unknown/not applicable",20001506
"High Priestess Ayesha",1833,Multiple/complex,2000324,Female,2000148,"Fictional species",2000223,Adult,2000227,"Unknown/not applicable",20001506
"Caine Wise",1832,White,2000216,Male,2000149,"Fictional species",2000223,Adult,2000227,Heterosexual,2000999
"Star-Lord/Peter Quill",1831,White,2000216,Male,2000149,Human,2000219,Adult,2000227,Heterosexual,2000999
"Jupiter Jones",1829,White,2000216,Female,2000148,Human,2000219,Adult,2000227,Heterosexual,2000999
Ibis,1828,Black,2000310,Male,2000149,Human,2000219,"Unknown/Not applicable",20001918,"Unknown/not applicable",20001506
"Emma (AI)",1825,Asian,2000323,Female,2000148,Machine,2000220,Adult,2000227,"Unknown/not applicable",20001506
"Jung Hee Joo",1821,Asian,2000323,Female,2000148,Human,2000219,Adult,2000227,Heterosexual,2000999
"Yoo Jin Woo",1820,Asian,2000323,Male,2000149,Human,2000219,Adult,2000227,Heterosexual,2000999
"Hiroto Shimizu",1813,Asian,2000323,Male,2000149,Human,2000219,Adult,2000227,Heterosexual,2000999
Cable,1812,White,2000216,Male,2000149,Cyborg,2000221,Adult,2000227,Heterosexual,2000999
Deadpool,1803,White,2000216,Male,2000149,Human,2000219,Adult,2000227,Heterosexual,2000999
"Samantha Martinez",1800,"Unknown/not applicable",2000217,Male,2000149,Human,2000219,"Unknown/Not applicable",20001918,"Unknown/not applicable",20001506
"Officer Jenkins",1799,"Unknown/not applicable",2000217,Male,2000149,Human,2000219,Adult,2000227,Heterosexual,2000999
"Jasper Hester",1797,"Unknown/not applicable",2000217,Male,2000149,Human,2000219,"Unknown/Not applicable",20001918,"Unknown/not applicable",20001506
"Jimmy Hanson",1796,"Unknown/not applicable",2000217,Male,2000149,Human,2000219,"Unknown/Not applicable",20001918,"Unknown/not applicable",20001506
"""Jill Magid""",1780,White,2000216,Female,2000148,Human,2000219,Adult,2000227,"Unknown/not applicable",20001506
Mother,1778,White,2000216,Female,2000148,Machine,2000220,Adult,2000227,"Unknown/not applicable",20001506
"Walkers (Alan Walker fans)",1777,,,,,Human,2000219,"Young adult, Adult","2000225, 2000227",,
"""Alan Walker""",1776,White,2000216,Male,2000149,Human,2000219,Adult,2000227,,
"Simon (LoveStar)",1773,White,2000216,Male,2000149,Human,2000219,Adult,2000227,Heterosexual,2000999
"Indridi (LoveStar)",1771,White,2000216,Male,2000149,Human,2000219,Adult,2000227,Heterosexual,2000999
"Terry Jeffords",1756,Black,2000310,Male,2000149,Human,2000219,Adult,2000227,Heterosexual,2000999
"Charles Boyle",1755,White,2000216,Male,2000149,Human,2000219,Adult,2000227,Heterosexual,2000999
"Amy Santiago",1754,"Person of colour",2000215,Female,2000148,Human,2000219,Adult,2000227,Heterosexual,2000999
"Jake Peralta",1753,White,2000216,Male,2000149,Human,2000219,Adult,2000227,Heterosexual,2000999
Simone,1752,White,2000216,Female,2000148,Human,2000219,Adult,2000227,Heterosexual,2000999
Martin,1751,White,2000216,Male,2000149,Human,2000219,Adult,2000227,Heterosexual,2000999
"Detective Vera Englund",1744,White,2000216,Female,2000148,Cyborg,2000221,Adult,2000227,Heterosexual,2000999
"Lina Romero",1741,"Person of colour",2000215,Female,2000148,Human,2000219,Adult,2000227,"Unknown/not applicable",20001506
"Allie Bream",1738,Black,2000310,Female,2000148,Human,2000219,Adult,2000227,"Unknown/not applicable",20001506
"Nina Peixoto",1735,"Person of colour",2000215,Female,2000148,Human,2000219,Adult,2000227,"Unknown/not applicable",20001506
"Protagonist (Who*You)",1732,White,2000216,Male,2000149,Human,2000219,Adult,2000227,,
"Agent Everett Ross",1730,White,2000216,Male,2000149,Human,2000219,Adult,2000227,,
Shuri,1727,Black,2000310,Female,2000148,Human,2000219,Adult,2000227,"Unknown/not applicable",20001506
Okoye,1726,Black,2000310,Female,2000148,Human,2000219,Adult,2000227,Heterosexual,2000999
T'Challa,1725,Black,2000310,Male,2000149,Human,2000219,Adult,2000227,Heterosexual,2000999
T'Chaka,1720,Black,2000310,Male,2000149,Human,2000219,Adult,2000227,,
"Idir Jalil (The Test)",1716,"Person of colour",2000215,Male,2000149,Human,2000219,Adult,2000227,Heterosexual,2000999
"Woman in the street (Lagoon)",1713,Black,2000310,Female,2000148,Human,2000219,Adult,2000227,Heterosexual,2000999
"Amitjyoti ""Amy"" Ferrier",1695,"Person of colour",2000215,Female,2000148,Human,2000219,Adult,2000227,"Unknown/not applicable",20001506
"John Standish",1687,"Person of colour",2000215,Male,2000149,Human,2000219,Adult,2000227,"Unknown/not applicable",20001506
Juno,1685,"Unknown/not applicable",2000217,Female,2000148,Machine,2000220,Adult,2000227,Heterosexual,2000999
"Edward Kenway",1684,White,2000216,Male,2000149,Human,2000219,Adult,2000227,"Unknown/not applicable",20001506
"Frank Minelli",1648,"Unknown/not applicable",2000217,Male,2000149,Human,2000219,Adult,2000227,Heterosexual,2000999
"April Ryan",1646,White,2000216,Female,2000148,Human,2000219,"Young adult",2000225,"Unknown/not applicable",20001506
Sidra,1643,"Person of colour",2000215,Female,2000148,Machine,2000220,Adult,2000227,"Unknown/not applicable",20001506
"Luce Cannon",1630,"Unknown/not applicable",2000217,Female,2000148,Human,2000219,Adult,2000227,,
Rosemary,1629,"Unknown/not applicable",2000217,Female,2000148,Human,2000219,Adult,2000227,Homosexual,20001199
"SEER Robot",1627,White,2000216,Non-binary/Other,2000150,Machine,2000220,Child,2000224,,
"""Kronos Quartet""",1620,"Unknown/not applicable",2000217,"Unknown/Not applicable",2000151,Human,2000219,Adult,2000227,"Unknown/not applicable",20001506
Amena,1591,Black,2000310,Female,2000148,Human,2000219,"Young adult",2000225,"Unknown/not applicable",20001506
Frannie,1534,Black,2000310,Female,2000148,Human,2000219,Adult,2000227,Heterosexual,2000999
"Bernard Marx",1532,White,2000216,Male,2000149,Human,2000219,Adult,2000227,Heterosexual,2000999
"Lenina Crowne",1531,White,2000216,Female,2000148,Human,2000219,Adult,2000227,Bi-sexual,20001174
"John the Savage",1529,White,2000216,Male,2000149,Human,2000219,Adult,2000227,Heterosexual,2000999
Rio,1525,White,2000216,Female,2000148,Human,2000219,Adult,2000227,Heterosexual,2000999
"Anna Weber",1524,White,2000216,Female,2000148,Machine,2000220,Child,2000224,"Unknown/not applicable",20001506
"Victor Weber",1523,White,2000216,Male,2000149,Human,2000219,Adult,2000227,"Unknown/not applicable",20001506
John-117,1521,"Unknown/not applicable",2000217,Male,2000149,Human,2000219,Adult,2000227,"Unknown/not applicable",20001506
Cortana,1520,White,2000216,Female,2000148,Machine,2000220,Adult,2000227,"Unknown/not applicable",20001506
"Hundred Eyes",1491,"Unknown/not applicable",2000217,Male,2000149,Machine,2000220,Adult,2000227,,
Nozomi,1489,"Unknown/not applicable",2000217,Female,2000148,Machine,2000220,Adult,2000227,,
"Kiryu Kosuke",1488,Asian,2000323,Male,2000149,Human,2000219,Adult,2000227,Heterosexual,2000999
Murderbot,1480,"Unknown/not applicable",2000217,"Unknown/Not applicable",2000151,Cyborg,2000221,Adult,2000227,"Unknown/not applicable",20001506
Batman,1478,White,2000216,Male,2000149,Human,2000219,Adult,2000227,Heterosexual,2000999
Ellie,1471,"Unknown/not applicable",2000217,Female,2000148,Human,2000219,"Young adult",2000225,,
"Pod 042",1469,"Unknown/not applicable",2000217,Male,2000149,Machine,2000220,"Unknown/Not applicable",20001918,"Unknown/not applicable",20001506
2B,1468,White,2000216,Female,2000148,Machine,2000220,Adult,2000227,"Unknown/not applicable",20001506
"Burglars (The Castle Doctrine)",1466,White,2000216,Male,2000149,Human,2000219,Adult,2000227,Heterosexual,2000999
"Player character (The Castle Doctrine)",1465,White,2000216,Male,2000149,Human,2000219,Adult,2000227,Heterosexual,2000999
"Snow Lotus",1462,Asian,2000323,Female,2000148,Human,2000219,"Young adult",2000225,Heterosexual,2000999
Louis,1451,Asian,2000323,Male,2000149,Human,2000219,Adult,2000227,Heterosexual,2000999
Claire,1443,,,,,,,,,,
"Carlos Olivera",1442,,,,,,,,,,
"Dr. Brown",1441,,,,,,,,,,
Lindy,1437,,,Female,2000148,Machine,2000220,,,,
Nocko,1436,,,,,Machine,2000220,,,,
"Molly Millions",1428,White,2000216,Female,2000148,Human,2000219,Adult,2000227,Heterosexual,2000999
Wintermute,1427,,,"Unknown/Not applicable",2000151,Machine,2000220,Adult,2000227,,
Case,1425,White,2000216,Male,2000149,Human,2000219,Adult,2000227,Heterosexual,2000999
Aiba,1237,"Unknown/not applicable",2000217,Female,2000148,Machine,2000220,"Young adult",2000225,"Unknown/not applicable",20001506
"Kaname Date",1238,"Unknown/not applicable",2000217,Male,2000149,Human,2000219,Adult,2000227,Heterosexual,2000999
Thorn,1234,"Unknown/not applicable",2000217,Male,2000149,Human,2000219,Adult,2000227,"Unknown/not applicable",20001506
SAM,1230,"Unknown/not applicable",2000217,Male,2000149,Machine,2000220,"Unknown/Not applicable",20001918,"Unknown/not applicable",20001506
"""Chelsea E. Manning""",1228,White,2000216,"Trans, Female","20001194, 2000148",Human,2000219,Adult,2000227,"Unknown/not applicable",20001506
"The Summit (House of Earth and Blood)",1226,"Unknown/not applicable",2000217,"Unknown/Not applicable",2000151,"Fictional species",2000223,Adult,2000227,"Unknown/not applicable",20001506
"Micah Domitus",1225,"Unknown/not applicable",2000217,Male,2000149,"Fictional species",2000223,Adult,2000227,"Unknown/not applicable",20001506
"Bryce Quinlan",1222,"Unknown/not applicable",2000217,Female,2000148,"Fictional species",2000223,Adult,2000227,Heterosexual,2000999
"Andrea Farbe",1207,,,Female,2000148,Human,2000219,Child,2000224,,
Nikolina,1206,,,Female,2000148,Human,2000219,Adult,2000227,,
Grigor,1205,,,Male,2000149,Human,2000219,Adult,2000227,,
"Dweller of Alina's kentuki",1202,"Unknown/not applicable",2000217,Male,2000149,Human,2000219,Child,2000224,,
Alina,1201,"Unknown/not applicable",2000217,Female,2000148,Human,2000219,Adult,2000227,Heterosexual,2000999
"Fin Ueda Soto",1199,"Unknown/not applicable",2000217,Female,2000148,Human,2000219,Adult,2000227,"Unknown/not applicable",20001506
"Ingrid Kannerman",1192,White,2000216,Female,2000148,Human,2000219,Adult,2000227,Heterosexual,2000999
"Nora Antony",1191,"Person of colour",2000215,Female,2000148,Human,2000219,Adult,2000227,Heterosexual,2000999
"Nathan Brown",1190,White,2000216,Male,2000149,Human,2000219,Adult,2000227,Heterosexual,2000999
"Game show contestants (H.I.T)",1179,White,2000216,"Unknown/Not applicable",2000151,Human,2000219,Adult,2000227,"Unknown/not applicable",20001506
"Lea Nichols",1176,White,2000216,Female,2000148,Human,2000219,Adult,2000227,"Unknown/not applicable",20001506
"The Contestant (Ministry of Broadcast)",1172,White,2000216,Male,2000149,Human,2000219,Adult,2000227,Heterosexual,2000999
"Audience (Man With a Movie Camera)",1168,White,2000216,,,Human,2000219,Adult,2000227,,
"Abigail Fort (Thoughts and Prayers)",1163,,,Female,2000148,Human,2000219,Adult,2000227,,
"Haru (The Cat Returns)",1159,Asian,2000323,Female,2000148,Human,2000219,"Young adult",2000225,,
"The Cat King (The Cat Returns)",1160,"Unknown/not applicable",2000217,Male,2000149,Animal,2000222,Adult,2000227,Heterosexual,2000999
"Unnamed intern (The Webcam Project)",1150,"Unknown/not applicable",2000217,"Unknown/Not applicable",2000151,Human,2000219,Adult,2000227,"Unknown/not applicable",20001506
"Unnamed woman (The Webcam Project)",1149,"Unknown/not applicable",2000217,Female,2000148,Human,2000219,Adult,2000227,"Unknown/not applicable",20001506
"David (The Webcam Project)",1148,"Unknown/not applicable",2000217,Male,2000149,Human,2000219,Adult,2000227,"Unknown/not applicable",20001506
"Surveillance man (Excellent)",1142,"Unknown/not applicable",2000217,Male,2000149,Cyborg,2000221,Adult,2000227,"Unknown/not applicable",20001506
"Child (Excellent)",1141,White,2000216,Male,2000149,Human,2000219,Child,2000224,"Unknown/not applicable",20001506
"Therapist ( Serious Games III: Immersion)",1135,White,2000216,Female,2000148,Human,2000219,Adult,2000227,"Unknown/not applicable",20001506
"Soldier ( Serious Games III: Immersion )",1134,White,2000216,Male,2000149,Human,2000219,Adult,2000227,"Unknown/not applicable",20001506
"Ryley Robinson",1131,"Person of colour",2000215,Male,2000149,Human,2000219,Adult,2000227,"Unknown/not applicable",20001506
"Oswin Oswald",1130,White,2000216,Female,2000148,Cyborg,2000221,Adult,2000227,Heterosexual,2000999
"The 11th Doctor",1127,White,2000216,Male,2000149,"Fictional species",2000223,Adult,2000227,Heterosexual,2000999
Evangelions,1125,"Unknown/not applicable",2000217,"Unknown/Not applicable",2000151,Cyborg,2000221,"Unknown/Not applicable",20001918,"Unknown/not applicable",20001506
Avalanche,1121,"Unknown/not applicable",2000217,"Unknown/Not applicable",2000151,"Unknown/Not applicable",20001917,Adult,2000227,"Unknown/not applicable",20001506
"Cloud Strife",1118,White,2000216,Male,2000149,Human,2000219,Adult,2000227,Heterosexual,2000999
"Takahashi`s daughter",1114,Asian,2000323,Female,2000148,Human,2000219,Child,2000224,"Unknown/not applicable",20001506
Takahashi,1111,Asian,2000323,Male,2000149,Human,2000219,Adult,2000227,"Unknown/not applicable",20001506
"Johnny Mnemonic",1109,Multiple/complex,2000324,Male,2000149,Human,2000219,Adult,2000227,Heterosexual,2000999
Parkaboy,1106,White,2000216,Male,2000149,Human,2000219,Adult,2000227,Heterosexual,2000999
"Friends of Parkaboy (Pattern Recognition)",1105,"Unknown/not applicable",2000217,Male,2000149,Human,2000219,Adult,2000227,"Unknown/not applicable",20001506
"Cayce Pollard",1102,White,2000216,Female,2000148,Human,2000219,Adult,2000227,"Unknown/not applicable",20001506
Turry,1096,"Unknown/not applicable",2000217,"Unknown/Not applicable",2000151,Machine,2000220,"Unknown/Not applicable",20001918,"Unknown/not applicable",20001506
"Emma (Seed)",1095,White,2000216,Female,2000148,Human,2000219,"Young adult",2000225,"Unknown/not applicable",20001506
"Fred Allen",1089,White,2000216,Male,2000149,Human,2000219,Adult,2000227,Heterosexual,2000999
"Deloris Allen",1088,Black,2000310,Female,2000148,Human,2000219,Adult,2000227,Heterosexual,2000999
Alice/Lola,1084,White,2000216,Female,2000148,Human,2000219,Adult,2000227,"Unknown/not applicable",20001506
"Criminals (Manhunt)",1068,"Unknown/not applicable",2000217,Male,2000149,Human,2000219,Adult,2000227,"Unknown/not applicable",20001506
"Lionel Starkweather",1067,White,2000216,Male,2000149,Human,2000219,Adult,2000227,"Unknown/not applicable",20001506
"James Earl Cash",1065,Multiple/complex,2000324,Male,2000149,Human,2000219,Adult,2000227,"Unknown/not applicable",20001506
GLaDOS,1063,"Unknown/not applicable",2000217,Female,2000148,Machine,2000220,"Unknown/Not applicable",20001918,"Unknown/not applicable",20001506
Chell,1060,Multiple/complex,2000324,Female,2000148,Human,2000219,Adult,2000227,"Unknown/not applicable",20001506
"""Fran Krause""",1026,White,2000216,Male,2000149,Human,2000219,Adult,2000227,"Unknown/not applicable",20001506
"Old lady (Coronavirus Drone Video)",1020,Asian,2000323,Female,2000148,Human,2000219,Elderly,2000226,"Unknown/not applicable",20001506
"Duke Nukem",1016,White,2000216,Male,2000149,Human,2000219,Adult,2000227,Heterosexual,2000999
Pokémon,1014,"Unknown/not applicable",2000217,"Unknown/Not applicable",2000151,Animal,2000222,"Unknown/Not applicable",20001918,"Unknown/not applicable",20001506
"Daniel Lazarski",1011,White,2000216,Male,2000149,Human,2000219,Adult,2000227,Heterosexual,2000999
Zombies,1009,"Unknown/not applicable",2000217,"Unknown/Not applicable",2000151,"Fictional species",2000223,"Unknown/Not applicable",20001918,"Unknown/not applicable",20001506
"Max Lao",1004,Multiple/complex,2000324,"Female, Trans","2000148, 20001194",Human,2000219,Adult,2000227,"Unknown/not applicable",20001506
"Latha Sesame",998,"Person of colour",2000215,Female,2000148,Human,2000219,Adult,2000227,"Unknown/not applicable",20001506
"Narrator (Exhalation)",999,,,"Unknown/Not applicable",2000151,Machine,2000220,Adult,2000227,"Unknown/not applicable",20001506
"Charles Regis",997,White,2000216,Male,2000149,Human,2000219,Adult,2000227,Heterosexual,2000999
Kuni,988,"Unknown/not applicable",2000217,Male,2000149,Human,2000219,Adult,2000227,"Unknown/not applicable",20001506
Vashti,987,"Unknown/not applicable",2000217,Female,2000148,Human,2000219,Adult,2000227,"Unknown/not applicable",20001506
Akan,983,White,2000216,Male,2000149,Human,2000219,Adult,2000227,Bi-sexual,20001174
"Stephen Lyons",982,White,2000216,Male,2000149,Human,2000219,Adult,2000227,Heterosexual,2000999
"Celeste Bisme-Lyons",981,Black,2000310,Female,2000148,Human,2000219,Adult,2000227,Heterosexual,2000999
San-xiang,977,Asian,2000323,Female,2000148,Human,2000219,Adult,2000227,Heterosexual,2000999
"Zhang Zhongshan",974,Multiple/complex,2000324,Male,2000149,Human,2000219,Adult,2000227,Homosexual,20001199
"Angel (China Mountain Zhang)",975,Multiple/complex,2000324,Female,2000148,Human,2000219,Adult,2000227,"Unknown/not applicable",20001506
Toby,970,"Unknown/not applicable",2000217,Male,2000149,Human,2000219,Adult,2000227,Heterosexual,2000999
"Peeta Mellark",966,White,2000216,Male,2000149,Human,2000219,"Young adult",2000225,Heterosexual,2000999
"The Careers (The Hunger Games)",960,White,2000216,"Unknown/Not applicable",2000151,Human,2000219,"Young adult",2000225,"Unknown/not applicable",20001506
"Rue (The Hunger Games)",958,Black,2000310,Female,2000148,Human,2000219,"Young adult",2000225,"Unknown/not applicable",20001506
"President Snow",955,White,2000216,Male,2000149,Human,2000219,Adult,2000227,Heterosexual,2000999
"Gamemasters (The Hunger Games)",954,White,2000216,,,Human,2000219,Adult,2000227,,
"Katniss Everdeen",953,White,2000216,Female,2000148,Human,2000219,"Young adult",2000225,Heterosexual,2000999
"Tony ""the shy pooper""",951,"Unknown/not applicable",2000217,Male,2000149,"Fictional species",2000223,Adult,2000227,Heterosexual,2000999
"Summer Smith",949,White,2000216,Female,2000148,Human,2000219,"Young adult",2000225,"Unknown/not applicable",20001506
"Hardcore Henry",947,"Unknown/not applicable",2000217,Male,2000149,Human,2000219,Adult,2000227,Heterosexual,2000999
"Blind Mark",946,White,2000216,Male,2000149,Human,2000219,Adult,2000227,"Unknown/not applicable",20001506
Tamir,945,"Person of colour",2000215,Male,2000149,Human,2000219,"Young adult",2000225,Heterosexual,2000999
Jazz,944,"Person of colour",2000215,Female,2000148,Human,2000219,"Young adult",2000225,Heterosexual,2000999
"Citizens of Namie",938,Asian,2000323,"Unknown/Not applicable",2000151,Human,2000219,"Unknown/Not applicable",20001918,"Unknown/not applicable",20001506
"""Thom Yorke""",934,White,2000216,Male,2000149,Human,2000219,Adult,2000227,"Unknown/not applicable",20001506
"Lem Hewitt",932,Black,2000310,Male,2000149,Human,2000219,Adult,2000227,"Unknown/not applicable",20001506
"Rick Sanchez",925,White,2000216,Male,2000149,Human,2000219,Elderly,2000226,Heterosexual,2000999
"Morty Smith",926,White,2000216,Male,2000149,Human,2000219,"Young adult",2000225,Heterosexual,2000999
"Professor's Daughter (Drones Don't Kill People)",922,"Unknown/not applicable",2000217,Female,2000148,Human,2000219,Child,2000224,"Unknown/not applicable",20001506
"Professor's Son (Drones Don't Kill People)",921,"Unknown/not applicable",2000217,Male,2000149,Human,2000219,Child,2000224,"Unknown/not applicable",20001506
"Professor's Wife (Drones Don't Kill People)",920,,,Female,2000148,,,Adult,2000227,Heterosexual,2000999
"Professor (Drones Don't Kill People)",919,,,Male,2000149,Human,2000219,Adult,2000227,Heterosexual,2000999
"Google Maps Girl (Satellite Images)",918,"Unknown/not applicable",2000217,Female,2000148,"Unknown/Not applicable",20001917,Adult,2000227,"Unknown/not applicable",20001506
"Narrator (Satellite Images)",917,"Unknown/not applicable",2000217,"Unknown/Not applicable",2000151,Human,2000219,Adult,2000227,"Unknown/not applicable",20001506
"Dancer (as.phyx.i.a)",913,"Unknown/not applicable",2000217,"Unknown/Not applicable",2000151,Human,2000219,Adult,2000227,"Unknown/not applicable",20001506
"Monster (I'm going to die, and probably soon)",886,"Unknown/not applicable",2000217,"Unknown/Not applicable",2000151,"Unknown/Not applicable",20001917,"Unknown/Not applicable",20001918,"Unknown/not applicable",20001506
"Girl (I'm going to die, and probably soon)",885,"Unknown/not applicable",2000217,Female,2000148,Human,2000219,Adult,2000227,"Unknown/not applicable",20001506
"Narrator (I'm going to die, and probably soon)",883,"Unknown/not applicable",2000217,Male,2000149,Human,2000219,Adult,2000227,"Unknown/not applicable",20001506
"Narrator (My Camera Knows Something)",882,"Unknown/not applicable",2000217,"Unknown/Not applicable",2000151,Human,2000219,Adult,2000227,"Unknown/not applicable",20001506
"Cassandra Watergate",880,White,2000216,Female,2000148,Human,2000219,Adult,2000227,"Unknown/not applicable",20001506
"Benjamin Smith",876,"Unknown/not applicable",2000217,Male,2000149,Human,2000219,Adult,2000227,"Unknown/not applicable",20001506
"Narrator (I created an AI..)",874,"Unknown/not applicable",2000217,"Unknown/Not applicable",2000151,Human,2000219,Adult,2000227,"Unknown/not applicable",20001506
Lily,871,White,2000216,Female,2000148,Human,2000219,"Young adult",2000225,Heterosexual,2000999
Hannah,870,"Unknown/not applicable",2000217,Female,2000148,Human,2000219,"Young adult",2000225,"Unknown/not applicable",20001506
Max,869,White,2000216,Male,2000149,Human,2000219,Child,2000224,Heterosexual,2000999
"Billy McBride",864,White,2000216,Male,2000149,Human,2000219,Adult,2000227,Heterosexual,2000999
Workers,862,"Unknown/not applicable",2000217,"Unknown/Not applicable",2000151,Human,2000219,Adult,2000227,"Unknown/not applicable",20001506
Ollie,858,White,2000216,Male,2000149,Human,2000219,Adult,2000227,"Unknown/not applicable",20001506
"Mom (Slaughterbots)",857,White,2000216,Female,2000148,Human,2000219,Adult,2000227,"Unknown/not applicable",20001506
"Girls (Night Trap)",856,White,2000216,Female,2000148,Human,2000219,"Young adult",2000225,"Unknown/not applicable",20001506
"Vampires (Night Trap)",855,"Unknown/not applicable",2000217,"Unknown/Not applicable",2000151,"Fictional species",2000223,Adult,2000227,"Unknown/not applicable",20001506
Arisa,853,White,2000216,Female,2000148,Machine,2000220,Adult,2000227,"Unknown/not applicable",20001506
"Georgy Safronov",852,White,2000216,Male,2000149,Human,2000219,Adult,2000227,Heterosexual,2000999
"Cooperman McBride",841,"Unknown/not applicable",2000217,"Unknown/Not applicable",2000151,Human,2000219,Adult,2000227,"Unknown/not applicable",20001506
"Donald Cooperman",840,White,2000216,Male,2000149,Human,2000219,"Unknown/Not applicable",20001918,Heterosexual,2000999
"Surveillance Officer (Anon)",836,White,2000216,Male,2000149,Human,2000219,Adult,2000227,"Unknown/not applicable",20001506
"Cyrus Frear",834,White,2000216,Male,2000149,Human,2000219,Adult,2000227,"Unknown/not applicable",20001506
"Anon (Anon)",833,White,2000216,Female,2000148,Human,2000219,Adult,2000227,"Unknown/not applicable",20001506
"Sal Frieland",832,White,2000216,Male,2000149,Human,2000219,Adult,2000227,Heterosexual,2000999
"Congolese soldiers (Infra)",822,Black,2000310,Male,2000149,Human,2000219,Adult,2000227,"Unknown/not applicable",20001506
"Refugees (Incoming)",819,Immigrant,2000218,"Unknown/Not applicable",2000151,Human,2000219,"Unknown/Not applicable",20001918,"Unknown/not applicable",20001506
"Quinn`s Gary",814,White,2000216,Male,2000149,Machine,2000220,Adult,2000227,"Unknown/not applicable",20001506
"Quinn Ergon",813,Black,2000310,Female,2000148,Human,2000219,Adult,2000227,"Unknown/not applicable",20001506
"Gary Goodspeed",811,White,2000216,Male,2000149,Human,2000219,Adult,2000227,Heterosexual,2000999
"Ash Graven",808,"Unknown/not applicable",2000217,Female,2000148,"Fictional species",2000223,Adult,2000227,"Unknown/not applicable",20001506
Hue,807,"Unknown/not applicable",2000217,Non-binary/Other,2000150,Machine,2000220,"Unknown/Not applicable",20001918,"Unknown/not applicable",20001506
"The Flemming Family",804,White,2000216,"Unknown/Not applicable",2000151,Human,2000219,"Unknown/Not applicable",20001918,"Unknown/not applicable",20001506
"""Mood Killer""",803,White,2000216,Non-binary/Other,2000150,Human,2000219,Adult,2000227,"Unknown/not applicable",20001506
"""Devin the Dude""",800,Black,2000310,Male,2000149,Human,2000219,Adult,2000227,"Unknown/not applicable",20001506
"""group_inou""",799,Asian,2000323,Male,2000149,Human,2000219,Adult,2000227,"Unknown/not applicable",20001506
"Anonymous woman",794,"Unknown/not applicable",2000217,Female,2000148,Human,2000219,Adult,2000227,"Unknown/not applicable",20001506
"""50 Cent""",793,Black,2000310,Male,2000149,Human,2000219,Adult,2000227,Heterosexual,2000999
"""Timbaland""",792,Black,2000310,Male,2000149,Human,2000219,Adult,2000227,Heterosexual,2000999
"""Gojira""",791,"Unknown/not applicable",2000217,Male,2000149,Human,2000219,Adult,2000227,"Unknown/not applicable",20001506
"""Bob Mould""",790,White,2000216,Male,2000149,Human,2000219,Adult,2000227,"Unknown/not applicable",20001506
"""John Mayer""",789,White,2000216,Male,2000149,Human,2000219,Adult,2000227,"Unknown/not applicable",20001506
"""Ingrid Michaelson""",788,White,2000216,Female,2000148,Human,2000219,Adult,2000227,"Unknown/not applicable",20001506
Tom,787,White,2000216,Male,2000149,Human,2000219,Adult,2000227,"Unknown/not applicable",20001506
Robinator,786,White,2000216,Male,2000149,Machine,2000220,Adult,2000227,"Unknown/not applicable",20001506
"Plastic surgeons",784,"Unknown/not applicable",2000217,"Unknown/Not applicable",2000151,Human,2000219,Adult,2000227,"Unknown/not applicable",20001506
"Anonymous individual",783,"Unknown/not applicable",2000217,"Unknown/Not applicable",2000151,Human,2000219,"Unknown/Not applicable",20001918,"Unknown/not applicable",20001506
"""Paper""",782,White,2000216,Male,2000149,Human,2000219,Adult,2000227,"Unknown/not applicable",20001506
Infant,781,White,2000216,"Unknown/Not applicable",2000151,Human,2000219,Child,2000224,"Unknown/not applicable",20001506
"Glad girls (Glad Girls)",780,"Unknown/not applicable",2000217,Female,2000148,Human,2000219,Adult,2000227,"Unknown/not applicable",20001506
"""Rob Pollard""",779,White,2000216,Male,2000149,Human,2000219,Adult,2000227,"Unknown/not applicable",20001506
"Smiling women (Cheese)",778,Multiple/complex,2000324,Female,2000148,Human,2000219,Adult,2000227,"Unknown/not applicable",20001506
Deer,776,"Unknown/not applicable",2000217,"Unknown/Not applicable",2000151,Animal,2000222,"Unknown/Not applicable",20001918,"Unknown/not applicable",20001506
"""Casino""",773,Black,2000310,Male,2000149,Human,2000219,Adult,2000227,"Unknown/not applicable",20001506
"Bikers (Terminator 2)",772,White,2000216,Male,2000149,Human,2000219,Adult,2000227,"Unknown/not applicable",20001506
"Inhabitants of Assimilation City",771,"Unknown/not applicable",2000217,"Unknown/Not applicable",2000151,Human,2000219,"Unknown/Not applicable",20001918,"Unknown/not applicable",20001506
Aliens,770,"Unknown/not applicable",2000217,"Unknown/Not applicable",2000151,"Fictional species",2000223,"Unknown/Not applicable",20001918,"Unknown/not applicable",20001506
"""Janelle Monáe""",769,Black,2000310,Female,2000148,Human,2000219,Adult,2000227,Bi-sexual,20001174
"Margaux Needler",766,White,2000216,Female,2000148,Human,2000219,Adult,2000227,"Unknown/not applicable",20001506
BTs,764,"Unknown/not applicable",2000217,"Unknown/Not applicable",2000151,"Fictional species",2000223,"Unknown/Not applicable",20001918,"Unknown/not applicable",20001506
"Therapist (U)",759,White,2000216,Female,2000148,Human,2000219,Adult,2000227,"Unknown/not applicable",20001506
"Emma Fisher",758,White,2000216,Female,2000148,Human,2000219,Adult,2000227,"Unknown/not applicable",20001506
"Sam Bridges",751,White,2000216,Male,2000149,Human,2000219,Adult,2000227,Other,20001823
"""Mr. Assange""",750,White,2000216,Male,2000149,Human,2000219,Adult,2000227,"Unknown/not applicable",20001506
"Mr./Ms. Howard",748,"Unknown/not applicable",2000217,"Unknown/Not applicable",2000151,Human,2000219,Adult,2000227,"Unknown/not applicable",20001506
"Sarah Connor",735,White,2000216,Female,2000148,Human,2000219,Adult,2000227,"Unknown/not applicable",20001506
"Kyle Reese",734,White,2000216,Male,2000149,Human,2000219,Adult,2000227,"Unknown/not applicable",20001506
"John Connor",732,White,2000216,Male,2000149,Human,2000219,Child,2000224,"Unknown/not applicable",20001506
"Terminator T-800 ""Model 101""",730,White,2000216,Male,2000149,Machine,2000220,Adult,2000227,"Unknown/not applicable",20001506
"The Hawke family",726,White,2000216,"Unknown/Not applicable",2000151,Human,2000219,Adult,2000227,"Unknown/not applicable",20001506
Weaver,723,Black,2000310,Male,2000149,Human,2000219,Adult,2000227,"Unknown/not applicable",20001506
Midas,722,"Person of colour",2000215,Male,2000149,Human,2000219,Adult,2000227,"Unknown/not applicable",20001506
Holt,721,White,2000216,Male,2000149,Human,2000219,Adult,2000227,"Unknown/not applicable",20001506
Nomad,720,White,2000216,Male,2000149,Human,2000219,Adult,2000227,"Unknown/not applicable",20001506
"Miles Upshur",718,White,2000216,Male,2000149,Human,2000219,Adult,2000227,"Unknown/not applicable",20001506
"Google Driver",714,"Unknown/not applicable",2000217,Male,2000149,Human,2000219,Adult,2000227,"Unknown/not applicable",20001506
"UAV operator (Unmanned)",713,White,2000216,Male,2000149,Human,2000219,Adult,2000227,"Unknown/not applicable",20001506
"Immigrant group (The Virtual Watchers)",710,Immigrant,2000218,"Unknown/Not applicable",2000151,Human,2000219,"Unknown/Not applicable",20001918,"Unknown/not applicable",20001506
"Amanda Ripley",708,White,2000216,Female,2000148,Human,2000219,Adult,2000227,"Unknown/not applicable",20001506
"Poppy Gardner",706,White,2000216,Female,2000148,Human,2000219,"Young adult",2000225,"Unknown/not applicable",20001506
MPU,692,"Unknown/not applicable",2000217,"Unknown/Not applicable",2000151,Machine,2000220,"Unknown/Not applicable",20001918,"Unknown/not applicable",20001506
"Radical Ed",691,White,2000216,Female,2000148,Human,2000219,"Young adult",2000225,"Unknown/not applicable",20001506
"AR girl",690,White,2000216,Female,2000148,Human,2000219,Adult,2000227,"Unknown/not applicable",20001506
"US+ Office worker",686,White,2000216,Male,2000149,Human,2000219,Adult,2000227,"Unknown/not applicable",20001506
"Us+ Daughter",685,"Person of colour",2000215,Female,2000148,Human,2000219,Adult,2000227,"Unknown/not applicable",20001506
"Alan Partridge",684,White,2000216,Male,2000149,Human,2000219,Adult,2000227,"Unknown/not applicable",20001506
"Zoe Foster",677,"Unknown/not applicable",2000217,Female,2000148,Human,2000219,Child,2000224,"Unknown/not applicable",20001506
Mercer,674,White,2000216,Male,2000149,Human,2000219,Adult,2000227,Heterosexual,2000999
"Mae Holland",673,White,2000216,Female,2000148,Human,2000219,Adult,2000227,Heterosexual,2000999
Sergeant,664,"Unknown/not applicable",2000217,Male,2000149,Machine,2000220,Adult,2000227,"Unknown/not applicable",20001506
"William Foster",663,Multiple/complex,2000324,Male,2000149,Human,2000219,Adult,2000227,Heterosexual,2000999
"Woman in Tony Stark's bedroom",661,White,2000216,Female,2000148,Human,2000219,Adult,2000227,Heterosexual,2000999
"Vivienne Rook",660,White,2000216,Female,2000148,Human,2000219,Adult,2000227,"Unknown/not applicable",20001506
"Rushdi Mannan",653,"Person of colour",2000215,Male,2000149,Human,2000219,Adult,2000227,Homosexual,20001199
"Adult Tokyo population",650,Asian,2000323,"Unknown/Not applicable",2000151,Human,2000219,Adult,2000227,"Unknown/not applicable",20001506
Namahage,649,"Unknown/not applicable",2000217,"Unknown/Not applicable",2000151,"Fictional species",2000223,"Unknown/Not applicable",20001918,"Unknown/not applicable",20001506
"Big Sister Shen",644,Asian,2000323,Female,2000148,Human,2000219,Adult,2000227,"Unknown/not applicable",20001506
"Homer Simpson",633,"Unknown/not applicable",2000217,Male,2000149,Human,2000219,Adult,2000227,Heterosexual,2000999
"The Simpsons family",632,"Unknown/not applicable",2000217,"Unknown/Not applicable",2000151,Human,2000219,"Unknown/Not applicable",20001918,"Unknown/not applicable",20001506
Leela,626,"Unknown/not applicable",2000217,Female,2000148,"Fictional species",2000223,Adult,2000227,"Unknown/not applicable",20001506
"Zapp Brannigan",625,White,2000216,Male,2000149,Human,2000219,Adult,2000227,"Unknown/not applicable",20001506
"Navn Ukjent",622,Immigrant,2000218,Male,2000149,Human,2000219,Adult,2000227,Heterosexual,2000999
Nilin,621,"Person of colour",2000215,Female,2000148,Human,2000219,Adult,2000227,"Unknown/not applicable",20001506
"Wreck-It Ralph",570,White,2000216,Male,2000149,Human,2000219,Adult,2000227,"Unknown/not applicable",20001506
Vanellope,571,Multiple/complex,2000324,Female,2000148,Human,2000219,Child,2000224,"Unknown/not applicable",20001506
"""Tom Cruise""",566,White,2000216,Male,2000149,Human,2000219,Adult,2000227,"Unknown/not applicable",20001506
Abi,563,White,2000216,Female,2000148,Human,2000219,Adult,2000227,"Unknown/not applicable",20001506
Bing,562,"Person of colour",2000215,Male,2000149,Human,2000219,Adult,2000227,"Unknown/not applicable",20001506
"Joe Potter",561,White,2000216,Male,2000149,Human,2000219,Adult,2000227,Heterosexual,2000999
"Liam Foxwell",559,White,2000216,Male,2000149,Human,2000219,Adult,2000227,Heterosexual,2000999
Kenny,558,White,2000216,Male,2000149,Human,2000219,"Young adult",2000225,"Unknown/not applicable",20001506
"Amanda (Someone to Watch Over Me)",545,"Unknown/not applicable",2000217,Female,2000148,Human,2000219,Adult,2000227,Heterosexual,2000999
"""Kim Kardashian""  (No More Selfies)",544,White,2000216,Female,2000148,Human,2000219,Adult,2000227,Heterosexual,2000999
"Sunita (No More Selfies)",543,"Person of colour",2000215,Female,2000148,Human,2000219,Adult,2000227,Heterosexual,2000999
"Ellie (Selfies)",541,"Unknown/not applicable",2000217,Female,2000148,Human,2000219,"Young adult",2000225,Heterosexual,2000999
"Hayley (Thoughts and Prayers)",538,"Unknown/not applicable",2000217,Female,2000148,Human,2000219,"Young adult",2000225,"Unknown/not applicable",20001506
"Lia Kahn",533,White,2000216,Female,2000148,Human,2000219,"Young adult",2000225,Heterosexual,2000999
"Rita (U)",524,White,2000216,Female,2000148,Human,2000219,Adult,2000227,"Unknown/not applicable",20001506
"Alex (U)",523,Asian,2000323,Female,2000148,Human,2000219,Adult,2000227,"Unknown/not applicable",20001506
"Call (U)",521,White,2000216,Male,2000149,Human,2000219,Adult,2000227,"Unknown/not applicable",20001506
"Asuna Yuuki",520,Asian,2000323,Female,2000148,Human,2000219,"Young adult",2000225,Heterosexual,2000999
"Kazuto Kirigaya",517,Asian,2000323,Male,2000149,Human,2000219,"Young adult",2000225,Heterosexual,2000999
"Brian Gragg",516,White,2000216,Male,2000149,Human,2000219,Adult,2000227,Heterosexual,2000999
Guppy,512,"Unknown/not applicable",2000217,"Unknown/Not applicable",2000151,Animal,2000222,"Unknown/Not applicable",20001918,"Unknown/not applicable",20001506
"Max Zorin",493,White,2000216,Male,2000149,Human,2000219,Adult,2000227,"Unknown/not applicable",20001506
"James Bond (Roger Moore)",492,White,2000216,Male,2000149,Human,2000219,Adult,2000227,Heterosexual,2000999
"Edith Lyons",489,White,2000216,Female,2000148,Human,2000219,Elderly,2000226,"Unknown/not applicable",20001506
Catherine,484,White,2000216,Female,2000148,Human,2000219,Adult,2000227,"Unknown/not applicable",20001506
Ashley,483,White,2000216,Female,2000148,Human,2000219,"Young adult",2000225,"Unknown/not applicable",20001506
Rachel,480,White,2000216,Female,2000148,Human,2000219,"Young adult",2000225,"Unknown/not applicable",20001506
"Ashley too",479,"Unknown/not applicable",2000217,Female,2000148,Machine,2000220,Adult,2000227,"Unknown/not applicable",20001506
"Danny Parker",478,Black,2000310,Male,2000149,Human,2000219,Adult,2000227,Bi-sexual,20001174
"Karl Houghton",477,Black,2000310,Male,2000149,Human,2000219,Adult,2000227,Bi-sexual,20001174
"Peter Parker",464,White,2000216,Male,2000149,Human,2000219,"Young adult",2000225,Heterosexual,2000999
Mysterio,461,White,2000216,Male,2000149,Human,2000219,Adult,2000227,"Unknown/not applicable",20001506
Jarvis,455,,,Male,2000149,Machine,2000220,Adult,2000227,,
"Tony Stark",453,White,2000216,Male,2000149,Human,2000219,Adult,2000227,Heterosexual,2000999
"""Lauren McCarthy""",445,"Unknown/not applicable",2000217,Female,2000148,Human,2000219,Adult,2000227,,
"Ghost in Breathe",439,"Unknown/not applicable",2000217,Female,2000148,"Fictional species",2000223,Adult,2000227,,
Flo,437,"Unknown/not applicable",2000217,Female,2000148,Human,2000219,"Young adult",2000225,Heterosexual,2000999
Miranda,433,White,2000216,Female,2000148,Human,2000219,Adult,2000227,Heterosexual,2000999
"Charlie Friend",435,White,2000216,Male,2000149,Human,2000219,Adult,2000227,Heterosexual,2000999
Adam,434,White,2000216,Male,2000149,Machine,2000220,Adult,2000227,Heterosexual,2000999
"""Earl Sweatshirt""",421,Black,2000310,Male,2000149,Human,2000219,Adult,2000227,"Unknown/not applicable",20001506
Lizzie,419,Black,2000310,Female,2000148,Human,2000219,"Young adult",2000225,"Unknown/not applicable",20001506
"Stephanie Flemming",418,White,2000216,Female,2000148,Human,2000219,Adult,2000227,"Unknown/not applicable",20001506
"Bethany Bisme-Lyons",411,"Person of colour",2000215,Female,2000148,Human,2000219,"Young adult",2000225,"Unknown/not applicable",20001506
"Asuka Soryu Langley",408,Multiple/complex,2000324,Female,2000148,Human,2000219,"Young adult",2000225,Heterosexual,2000999
"Rei Ayanami",406,Asian,2000323,Female,2000148,"Fictional species",2000223,"Young adult",2000225,"Unknown/not applicable",20001506
"Shinji Ikari",403,Asian,2000323,Male,2000149,Human,2000219,"Young adult",2000225,Heterosexual,2000999
Hope,399,White,2000216,Female,2000148,Human,2000219,"Young adult",2000225,"Unknown/not applicable",20001506
Carl,397,"Unknown/not applicable",2000217,Male,2000149,Human,2000219,Adult,2000227,Heterosexual,2000999
"""Jeremy Bailey""",384,White,2000216,Male,2000149,Human,2000219,Adult,2000227,"Unknown/not applicable",20001506
"Mare Barrow",325,"Unknown/not applicable",2000217,Female,2000148,Human,2000219,"Young adult",2000225,Heterosexual,2000999
"""Jake Wells""",319,White,2000216,Male,2000149,Human,2000219,Adult,2000227,"Unknown/not applicable",20001506
Markus,308,"Person of colour",2000215,Male,2000149,Machine,2000220,Adult,2000227,"Unknown/not applicable",20001506
Connor,305,White,2000216,Male,2000149,Machine,2000220,Adult,2000227,"Unknown/not applicable",20001506
"Yusuke Sakaki",292,"Person of colour",2000215,Male,2000149,Human,2000219,Adult,2000227,"Unknown/not applicable",20001506
"Rose Weil",288,White,2000216,Female,2000148,Human,2000219,Adult,2000227,"Unknown/not applicable",20001506
"John Nada",284,White,2000216,Male,2000149,Human,2000219,Adult,2000227,"Unknown/not applicable",20001506
Tun,280,Asian,2000323,Male,2000149,Human,2000219,Adult,2000227,"Unknown/not applicable",20001506
Aloy,277,Indigenous,2000214,Female,2000148,Machine,2000220,"Young adult",2000225,"Unknown/not applicable",20001506
"""Joy Buolamwini""",269,Black,2000310,Female,2000148,Human,2000219,Adult,2000227,"Unknown/not applicable",20001506
"John Anderton",265,White,2000216,Male,2000149,Human,2000219,Adult,2000227,Heterosexual,2000999
"Jerome Holm",262,White,2000216,Male,2000149,Human,2000219,"Young adult",2000225,"Unknown/not applicable",20001506
"Mary Holm",261,White,2000216,Female,2000148,Human,2000219,"Young adult",2000225,"Unknown/not applicable",20001506
"Flem Lever",260,White,2000216,Male,2000149,Human,2000219,"Young adult",2000225,"Unknown/not applicable",20001506
"Ernest Holm",259,White,2000216,Male,2000149,Human,2000219,Adult,2000227,"Unknown/not applicable",20001506
"Ted Pikul",256,White,2000216,Male,2000149,Human,2000219,Adult,2000227,Heterosexual,2000999
"Allegra Geller",255,White,2000216,Female,2000148,Human,2000219,Adult,2000227,Heterosexual,2000999
"Spider Jerusalem",247,White,2000216,Male,2000149,Human,2000219,Adult,2000227,Heterosexual,2000999
"One Esk Nineteen",245,"Unknown/not applicable",2000217,Female,2000148,Cyborg,2000221,Adult,2000227,"Unknown/not applicable",20001506
"Pete Sebeck",242,"Unknown/not applicable",2000217,Male,2000149,Human,2000219,Adult,2000227,Heterosexual,2000999
"Winston Smith",241,White,2000216,Male,2000149,Human,2000219,Adult,2000227,Heterosexual,2000999