Title,ID,Genre,"Genre ID"
Sight,3264,"Narrative, Online video","20001, 2000132"
Sight,3264,"Narrative, Online video","20001, 2000132"
"Emily Eternal",3252,"Narrative, Novel","20001, 2000133"
"Emily Eternal",3252,"Narrative, Novel","20001, 2000133"
"Squid Game",3220,"Narrative, TV series or episode","20001, 2000131"
"Squid Game",3220,"Narrative, TV series or episode","20001, 2000131"
"Klara and the Sun",3216,"Narrative, Novel","20001, 2000133"
"Klara and the Sun",3216,"Narrative, Novel","20001, 2000133"
"The Argus Project",3171,"Art, Video art, Installation art, Narrative","20002, 2000139, 2000138, 20001"
"Black Widow",3137,"Narrative, Movie","20001, 2000130"
"Black Widow",3137,"Narrative, Movie","20001, 2000130"
"Remote Control",3129,"Narrative, Novel","20001, 2000133"
"Remote Control",3129,"Narrative, Novel","20001, 2000133"
"Attack Surface",3125,"Narrative, Novel","20001, 2000133"
"Attack Surface",3125,"Narrative, Novel","20001, 2000133"
Machinehood,3119,"Narrative, Novel","20001, 2000133"
Machinehood,3119,"Narrative, Novel","20001, 2000133"
"Have a Nice Day",3087,"Narrative, Movie","20001, 2000130"
"Have a Nice Day",3087,"Narrative, Movie","20001, 2000130"
Revolt,3082,"Narrative, Music video","20001, 2000316"
Revolt,3082,"Narrative, Music video","20001, 2000316"
"The Mitchells vs. The Machines",3033,"Narrative, Movie","20001, 2000130"
"The Mitchells vs. The Machines",3033,"Narrative, Movie","20001, 2000130"
"Moth & Whisper",2978,"Narrative, Comic","20001, 2000330"
"Moth & Whisper",2978,"Narrative, Comic","20001, 2000330"
"The Salvage Crew",2975,"Narrative, Novel","20001, 2000133"
"The Salvage Crew",2975,"Narrative, Novel","20001, 2000133"
"Solar Opposites",2972,"Narrative, TV series or episode","20001, 2000131"
"Solar Opposites",2972,"Narrative, TV series or episode","20001, 2000131"
"The High-Rise Diver",2948,"Narrative, Novel","20001, 2000133"
"The High-Rise Diver",2948,"Narrative, Novel","20001, 2000133"
Invincible,2812,"Narrative, TV series or episode","20001, 2000131"
Invincible,2812,"Narrative, TV series or episode","20001, 2000131"
"Arc of a Scythe (series)",2810,"Narrative, Novel","20001, 2000133"
"Arc of a Scythe (series)",2810,"Narrative, Novel","20001, 2000133"
"The Peripheral",2803,"Narrative, Novel","20001, 2000133"
"The Peripheral",2803,"Narrative, Novel","20001, 2000133"
Agency,2798,"Narrative, Novel","20001, 2000133"
Agency,2798,"Narrative, Novel","20001, 2000133"
Wool,2790,"Narrative, Novel","20001, 2000133"
Wool,2790,"Narrative, Novel","20001, 2000133"
Compis,2778,"Narrative, Novel","20001, 2000133"
Compis,2778,"Narrative, Novel","20001, 2000133"
"Outside the Wire",2722,"Narrative, Movie","20001, 2000130"
"Outside the Wire",2722,"Narrative, Movie","20001, 2000130"
"Madoc: A Mystery",2719,Narrative,20001
Freaks,2714,"Narrative, Movie","20001, 2000130"
Freaks,2714,"Narrative, Movie","20001, 2000130"
"The Old Lie",2707,"Narrative, Novel","20001, 2000133"
"The Old Lie",2707,"Narrative, Novel","20001, 2000133"
Temple,2701,"Narrative, Movie","20001, 2000130"
Temple,2701,"Narrative, Movie","20001, 2000130"
Ana,2696,"Narrative, Movie","20001, 2000130"
Ana,2696,"Narrative, Movie","20001, 2000130"
"The Nostalgist",2693,"Narrative, Movie","20001, 2000130"
"The Nostalgist",2693,"Narrative, Movie","20001, 2000130"
BlinkyTM,2689,"Narrative, Movie","20001, 2000130"
BlinkyTM,2689,"Narrative, Movie","20001, 2000130"
ZARI,2684,"Narrative, Movie","20001, 2000130"
ZARI,2684,"Narrative, Movie","20001, 2000130"
"Hyper Reality",2677,"Narrative, Movie","20001, 2000130"
"Hyper Reality",2677,"Narrative, Movie","20001, 2000130"
"A Date in 2025",2672,"Narrative, Movie","20001, 2000130"
"A Date in 2025",2672,"Narrative, Movie","20001, 2000130"
"And Shall Machines Surrender",2665,"Narrative, Novel","20001, 2000133"
"And Shall Machines Surrender",2665,"Narrative, Novel","20001, 2000133"
"This Time Away",2663,"Narrative, Movie","20001, 2000130"
"This Time Away",2663,"Narrative, Movie","20001, 2000130"
"Change Return",2655,"Narrative, Movie","20001, 2000130"
"Change Return",2655,"Narrative, Movie","20001, 2000130"
Utbryterne,2642,"Narrative, Novel","20001, 2000133"
Utbryterne,2642,"Narrative, Novel","20001, 2000133"
Stellar,2635,"Narrative, Music video","20001, 2000316"
Stellar,2635,"Narrative, Music video","20001, 2000316"
Dystopia,2628,"Narrative, Music video","20001, 2000316"
Dystopia,2628,"Narrative, Music video","20001, 2000316"
"She-Ra and the Princess of Power",2607,"Narrative, TV series or episode","20001, 2000131"
"She-Ra and the Princess of Power",2607,"Narrative, TV series or episode","20001, 2000131"
"A Scanner Darkly",2599,"Narrative, Movie","20001, 2000130"
"A Scanner Darkly",2599,"Narrative, Movie","20001, 2000130"
Superintelligence,2587,"Narrative, Movie","20001, 2000130"
Superintelligence,2587,"Narrative, Movie","20001, 2000130"
"The Midnight Sky",2576,"Narrative, Movie","20001, 2000130"
"The Midnight Sky",2576,"Narrative, Movie","20001, 2000130"
"Flåklypa Grand Prix",2546,"Narrative, Movie","20001, 2000130"
"Flåklypa Grand Prix",2546,"Narrative, Movie","20001, 2000130"
"The Invisible Man",2544,"Narrative, Movie","20001, 2000130"
"The Invisible Man",2544,"Narrative, Movie","20001, 2000130"
"Isle of Dogs",2532,"Narrative, Movie","20001, 2000130"
"Isle of Dogs",2532,"Narrative, Movie","20001, 2000130"
STET,2525,"Narrative, Short story","20001, 2000134"
STET,2525,"Narrative, Short story","20001, 2000134"
"The Social Dilemma",2519,"Narrative, Movie","20001, 2000130"
"The Social Dilemma",2519,"Narrative, Movie","20001, 2000130"
"Bouvetøya 2052",2477,"Narrative, Novel","20001, 2000133"
"Bouvetøya 2052",2477,"Narrative, Novel","20001, 2000133"
"The Mandalorian",2476,"Narrative, TV series or episode","20001, 2000131"
"The Mandalorian",2476,"Narrative, TV series or episode","20001, 2000131"
"The Last Human",2463,"Narrative, Novel","20001, 2000133"
"The Last Human",2463,"Narrative, Novel","20001, 2000133"
"Too Much",2449,"Music video",2000316
"My Holo Love",2433,"Narrative, TV series or episode","20001, 2000131"
"My Holo Love",2433,"Narrative, TV series or episode","20001, 2000131"
"His Dark Materials",2427,"Narrative, TV series or episode","20001, 2000131"
"His Dark Materials",2427,"Narrative, TV series or episode","20001, 2000131"
"The Expanse",2412,"Narrative, TV series or episode","20001, 2000131"
"The Expanse",2412,"Narrative, TV series or episode","20001, 2000131"
"Android Kunjappan Version 5.25",2397,"Narrative, Movie","20001, 2000130"
"Android Kunjappan Version 5.25",2397,"Narrative, Movie","20001, 2000130"
Srivalli,2382,"Narrative, Movie","20001, 2000130"
Srivalli,2382,"Narrative, Movie","20001, 2000130"
Cosmodrama,2372,"Narrative, Movie","20001, 2000130"
Cosmodrama,2372,"Narrative, Movie","20001, 2000130"
"2.0 (2018)",2362,"Narrative, Movie","20001, 2000130"
"2.0 (2018)",2362,"Narrative, Movie","20001, 2000130"
"Thor: Ragnarok",2356,"Narrative, Movie","20001, 2000130"
"Thor: Ragnarok",2356,"Narrative, Movie","20001, 2000130"
"Best Friend",2344,"Narrative, Movie","20001, 2000130"
"Best Friend",2344,"Narrative, Movie","20001, 2000130"
"The Avengers",2339,"Narrative, Movie","20001, 2000130"
"The Avengers",2339,"Narrative, Movie","20001, 2000130"
Prometheus,2327,"Narrative, Movie","20001, 2000130"
Prometheus,2327,"Narrative, Movie","20001, 2000130"
Gravity,2307,"Narrative, Movie","20001, 2000130"
Gravity,2307,"Narrative, Movie","20001, 2000130"
"Ghost in the Shell",2300,"Narrative, Movie","20001, 2000130"
"Ghost in the Shell",2300,"Narrative, Movie","20001, 2000130"
"Alita: Battle Angel",2299,"Narrative, Movie","20001, 2000130"
"Alita: Battle Angel",2299,"Narrative, Movie","20001, 2000130"
"Technotise: Edit & I",2297,"Narrative, Movie","20001, 2000130"
"Technotise: Edit & I",2297,"Narrative, Movie","20001, 2000130"
"2001: A Space Odyssey (novel and film)",2277,"Narrative, Movie, Novel","20001, 2000130, 2000133"
"2001: A Space Odyssey (novel and film)",2277,"Narrative, Movie, Novel","20001, 2000130, 2000133"
"2001: A Space Odyssey (novel and film)",2277,"Narrative, Movie, Novel","20001, 2000130, 2000133"
"Behind our Irises",2238,"Narrative, Short story","20001, 2000134"
"Behind our Irises",2238,"Narrative, Short story","20001, 2000134"
"How to Sell Drugs Online (Fast)",2241,"Narrative, TV series or episode","20001, 2000131"
"How to Sell Drugs Online (Fast)",2241,"Narrative, TV series or episode","20001, 2000131"
Osmosis,2232,"Narrative, TV series or episode","20001, 2000131"
Osmosis,2232,"Narrative, TV series or episode","20001, 2000131"
Passengers,2222,"Narrative, Movie","20001, 2000130"
Passengers,2222,"Narrative, Movie","20001, 2000130"
Oblivion,2215,"Narrative, Movie","20001, 2000130"
Oblivion,2215,"Narrative, Movie","20001, 2000130"
3%,2208,"Narrative, TV series or episode","20001, 2000131"
3%,2208,"Narrative, TV series or episode","20001, 2000131"
"Star Wars (Episode: 7, 8 & 9)",2148,"Narrative, Movie","20001, 2000130"
"Star Wars (Episode: 7, 8 & 9)",2148,"Narrative, Movie","20001, 2000130"
"Yat Madit",2144,"Narrative, Short story","20001, 2000134"
"Yat Madit",2144,"Narrative, Short story","20001, 2000134"
"Avengers: Endgame",2101,"Narrative, Movie","20001, 2000130"
"Avengers: Endgame",2101,"Narrative, Movie","20001, 2000130"
"For Want of a Nail",2095,"Narrative, Short story","20001, 2000134"
"For Want of a Nail",2095,"Narrative, Short story","20001, 2000134"
"Welcome to Your Authentic Indian ExperienceTM",2083,"Narrative, Short story","20001, 2000134"
"Welcome to Your Authentic Indian ExperienceTM",2083,"Narrative, Short story","20001, 2000134"
"Avengers: Infinity War",2077,"Narrative, Movie","20001, 2000130"
"Avengers: Infinity War",2077,"Narrative, Movie","20001, 2000130"
"Sleep Dealer",2071,"Narrative, Movie","20001, 2000130"
"Sleep Dealer",2071,"Narrative, Movie","20001, 2000130"
"Six Wakes",2068,"Narrative, Novel","20001, 2000133"
"Six Wakes",2068,"Narrative, Novel","20001, 2000133"
"X-Men: Days of Future Past",2062,"Narrative, Movie","20001, 2000130"
"X-Men: Days of Future Past",2062,"Narrative, Movie","20001, 2000130"
"The Martian",2052,"Narrative, Movie","20001, 2000130"
"The Martian",2052,"Narrative, Movie","20001, 2000130"
"... som duften av en drøm...",1982,"Narrative, Novel","20001, 2000133"
"... som duften av en drøm...",1982,"Narrative, Novel","20001, 2000133"
"Órbita 9",1975,"Narrative, Movie","20001, 2000130"
"Órbita 9",1975,"Narrative, Movie","20001, 2000130"
"Spider-Man: Into the Spider-Verse",1970,"Narrative, Movie","20001, 2000130"
"Spider-Man: Into the Spider-Verse",1970,"Narrative, Movie","20001, 2000130"
"The Matrix",1953,"Narrative, Movie","20001, 2000130"
"The Matrix",1953,"Narrative, Movie","20001, 2000130"
"A Memory Called Empire",1950,"Narrative, Novel","20001, 2000133"
"A Memory Called Empire",1950,"Narrative, Novel","20001, 2000133"
"Captain America: The Winter soldier",1946,"Narrative, Movie","20001, 2000130"
"Captain America: The Winter soldier",1946,"Narrative, Movie","20001, 2000130"
Rugal,1940,"Narrative, TV series or episode","20001, 2000131"
Rugal,1940,"Narrative, TV series or episode","20001, 2000131"
"2033: La Ilusión de un Futuro Mejor",1931,"Narrative, Movie","20001, 2000130"
"2033: La Ilusión de un Futuro Mejor",1931,"Narrative, Movie","20001, 2000130"
Logan,1918,"Narrative, Movie","20001, 2000130"
Logan,1918,"Narrative, Movie","20001, 2000130"
"Blade Runner 2049",1904,"Narrative, Movie","20001, 2000130"
"Blade Runner 2049",1904,"Narrative, Movie","20001, 2000130"
"The Last One",1898,"Narrative, Novel","20001, 2000133"
"The Last One",1898,"Narrative, Novel","20001, 2000133"
"Incredibles 2",1892,"Narrative, Movie","20001, 2000130"
"Incredibles 2",1892,"Narrative, Movie","20001, 2000130"
Arrival,1881,"Narrative, Movie","20001, 2000130"
Arrival,1881,"Narrative, Movie","20001, 2000130"
"Rogue One: A Star Wars Story",1852,"Narrative, Movie","20001, 2000130"
"Rogue One: A Star Wars Story",1852,"Narrative, Movie","20001, 2000130"
"Edge of Tomorrow",1850,"Narrative, Movie","20001, 2000130"
"Edge of Tomorrow",1850,"Narrative, Movie","20001, 2000130"
"Big Hero 6",1846,"Narrative, Movie","20001, 2000130"
"Big Hero 6",1846,"Narrative, Movie","20001, 2000130"
"Fall; or, Dodge in Hell: A Novel",1840,"Narrative, Novel","20001, 2000133"
"Fall; or, Dodge in Hell: A Novel",1840,"Narrative, Novel","20001, 2000133"
"Død og oppstandelse",1839,"Narrative, Novel","20001, 2000133"
"Død og oppstandelse",1839,"Narrative, Novel","20001, 2000133"
"Jupiter Ascending",1830,"Narrative, Movie","20001, 2000130"
"Jupiter Ascending",1830,"Narrative, Movie","20001, 2000130"
"Star Trek: Into Darkness",1819,"Narrative, Movie","20001, 2000130"
"Star Trek: Into Darkness",1819,"Narrative, Movie","20001, 2000130"
"Mono no Aware",1818,"Narrative, Short story","20001, 2000134"
"Mono no Aware",1818,"Narrative, Short story","20001, 2000134"
"Raised by Wolves",1817,"Narrative, TV series or episode","20001, 2000131"
"Raised by Wolves",1817,"Narrative, TV series or episode","20001, 2000131"
"Guardians of the Galaxy, vol. 1 & vol. 2",1814,"Narrative, Movie","20001, 2000130"
"Guardians of the Galaxy, vol. 1 & vol. 2",1814,"Narrative, Movie","20001, 2000130"
"Memories of the Alhambra",1816,"Narrative, TV series or episode","20001, 2000131"
"Memories of the Alhambra",1816,"Narrative, TV series or episode","20001, 2000131"
"Deadpool 2",1804,"Narrative, Movie","20001, 2000130"
"Deadpool 2",1804,"Narrative, Movie","20001, 2000130"
Redshirts,1801,"Narrative, Novel","20001, 2000133"
Redshirts,1801,"Narrative, Novel","20001, 2000133"
"LoveStar: A Novel",1775,"Narrative, Novel","20001, 2000133"
"LoveStar: A Novel",1775,"Narrative, Novel","20001, 2000133"
"The Rain",1749,"Narrative, TV series or episode","20001, 2000131"
"The Rain",1749,"Narrative, TV series or episode","20001, 2000131"
"Brooklyn Nine-Nine: The Fugitive Part 1",1747,"Narrative, TV series or episode","20001, 2000131"
"Brooklyn Nine-Nine: The Fugitive Part 1",1747,"Narrative, TV series or episode","20001, 2000131"
Onisciente,1734,"Narrative, TV series or episode","20001, 2000131"
Onisciente,1734,"Narrative, TV series or episode","20001, 2000131"
"Black Panther (2018 movie)",1722,"Narrative, Movie","20001, 2000130"
"Black Panther (2018 movie)",1722,"Narrative, Movie","20001, 2000130"
"The Test",1717,"Narrative, Novel","20001, 2000133"
"The Test",1717,"Narrative, Novel","20001, 2000133"
Lagoon,1712,"Narrative, Novel","20001, 2000133"
Lagoon,1712,"Narrative, Novel","20001, 2000133"
"A Closed and Common Orbit",1642,"Narrative, Novel","20001, 2000133"
"A Closed and Common Orbit",1642,"Narrative, Novel","20001, 2000133"
"A Song for a New Day",1612,"Narrative, Novel","20001, 2000133"
"A Song for a New Day",1612,"Narrative, Novel","20001, 2000133"
"AI Amok",1487,"Narrative, Movie","20001, 2000130"
"AI Amok",1487,"Narrative, Movie","20001, 2000130"
"The Murderbot Diaries (series)",1481,"Narrative, Novel","20001, 2000133"
"The Murderbot Diaries (series)",1481,"Narrative, Novel","20001, 2000133"
"Brave New World (2020 TV series)",1484,"Narrative, TV series or episode","20001, 2000131"
"Brave New World (2020 TV series)",1484,"Narrative, TV series or episode","20001, 2000131"
"Security Check",1450,"Narrative, Short story","20001, 2000134"
"Security Check",1450,"Narrative, Short story","20001, 2000134"
"Goodnight, Melancholy",1438,"Narrative, Short story","20001, 2000134"
"Goodnight, Melancholy",1438,"Narrative, Short story","20001, 2000134"
Gnomon,1434,"Narrative, Novel","20001, 2000133"
Gnomon,1434,"Narrative, Novel","20001, 2000133"
Neuromancer,1426,"Narrative, Novel","20001, 2000133"
Neuromancer,1426,"Narrative, Novel","20001, 2000133"
"House of Earth and Blood",1223,"Narrative, Novel","20001, 2000133"
"House of Earth and Blood",1223,"Narrative, Novel","20001, 2000133"
"Little Eyes/Kentukis",1196,"Narrative, Novel","20001, 2000133"
"Little Eyes/Kentukis",1196,"Narrative, Novel","20001, 2000133"
Upload,1189,"Narrative, TV series or episode","20001, 2000131"
Upload,1189,"Narrative, TV series or episode","20001, 2000131"
"Man With a Movie Camera",1167,"Narrative, Movie","20001, 2000130"
"Man With a Movie Camera",1167,"Narrative, Movie","20001, 2000130"
"The Cat Returns",1162,"Narrative, Movie","20001, 2000130"
"The Cat Returns",1162,"Narrative, Movie","20001, 2000130"
"Love, Death & Robots",1124,"Narrative, TV series or episode","20001, 2000131"
"Love, Death & Robots",1124,"Narrative, TV series or episode","20001, 2000131"
"Johnny Mnemonic",1110,"Narrative, Movie","20001, 2000130"
"Johnny Mnemonic",1110,"Narrative, Movie","20001, 2000130"
"Pattern Recognition",1101,"Narrative, Novel","20001, 2000133"
"Pattern Recognition",1101,"Narrative, Novel","20001, 2000133"
"See you",1094,"Narrative, Music video","20001, 2000316"
"See you",1094,"Narrative, Music video","20001, 2000316"
"October Faction",1090,"Narrative, TV series or episode","20001, 2000131"
"October Faction",1090,"Narrative, TV series or episode","20001, 2000131"
Cam,1085,"Narrative, Movie","20001, 2000130"
Cam,1085,"Narrative, Movie","20001, 2000130"
"Deep Dark Fears",1027,"Narrative, Comic","20001, 2000330"
"Deep Dark Fears",1027,"Narrative, Comic","20001, 2000330"
Seed,1024,"Narrative, Comic","20001, 2000330"
Seed,1024,"Narrative, Comic","20001, 2000330"
"Coronavirus Drone Video",1022,"Narrative, Online video","20001, 2000132"
"Coronavirus Drone Video",1022,"Narrative, Online video","20001, 2000132"
"Dr. Who: Series 7",1007,"Narrative, TV series or episode","20001, 2000131"
"Dr. Who: Series 7",1007,"Narrative, TV series or episode","20001, 2000131"
Exhalation,1001,"Narrative, Short story","20001, 2000134"
Exhalation,1001,"Narrative, Short story","20001, 2000134"
"China Mountain Zhang",976,"Narrative, Novel","20001, 2000133"
"China Mountain Zhang",976,"Narrative, Novel","20001, 2000133"
Moxyland,971,"Narrative, Novel","20001, 2000133"
Moxyland,971,"Narrative, Novel","20001, 2000133"
"House of Cards",936,"Narrative, Music video","20001, 2000316"
"House of Cards",936,"Narrative, Music video","20001, 2000316"
"Better off Ted",931,"Narrative, TV series or episode","20001, 2000131"
"Better off Ted",931,"Narrative, TV series or episode","20001, 2000131"
"Rick and Morty",927,"Narrative, TV series or episode","20001, 2000131"
"Rick and Morty",927,"Narrative, TV series or episode","20001, 2000131"
"Big Brother Is Shaping You",875,"Game, Narrative, Electronic literature","20003, 20001, 2000137"
"Big Brother Is Shaping You",875,"Game, Narrative, Electronic literature","20003, 20001, 2000137"
"Good boys",873,"Narrative, Movie","20001, 2000130"
"Good boys",873,"Narrative, Movie","20001, 2000130"
"The Final Cut",867,"Narrative, Movie","20001, 2000130"
"The Final Cut",867,"Narrative, Movie","20001, 2000130"
"Sound and Fury",861,"Narrative, Music video","20001, 2000316"
"Sound and Fury",861,"Narrative, Music video","20001, 2000316"
Slaughterbots,860,"Narrative, Online video","20001, 2000132"
Slaughterbots,860,"Narrative, Online video","20001, 2000132"
Goliath,839,"Narrative, TV series or episode","20001, 2000131"
Goliath,839,"Narrative, TV series or episode","20001, 2000131"
Anon,831,"Narrative, Movie","20001, 2000130"
Anon,831,"Narrative, Movie","20001, 2000130"
"Final Space",810,"Narrative, TV series or episode","20001, 2000131"
"Final Space",810,"Narrative, TV series or episode","20001, 2000131"
"The Addams Family",768,"Narrative, Movie","20001, 2000130"
"The Addams Family",768,"Narrative, Movie","20001, 2000130"
"Come Out To LA",745,"Narrative, Music video","20001, 2000316"
"Come Out To LA",745,"Narrative, Music video","20001, 2000316"
"The Terminator",737,"Narrative, Movie","20001, 2000130"
"The Terminator",737,"Narrative, Movie","20001, 2000130"
"Terminator 2",729,"Narrative, Movie","20001, 2000130"
"Terminator 2",729,"Narrative, Movie","20001, 2000130"
"Glad Girls",704,"Narrative, Music video","20001, 2000316"
"Glad Girls",704,"Narrative, Music video","20001, 2000316"
"I'm Just Gettin' Blowed",700,"Narrative, Music video","20001, 2000316"
"I'm Just Gettin' Blowed",700,"Narrative, Music video","20001, 2000316"
"I`m Alan Partrige",687,"Narrative, TV series or episode","20001, 2000131"
"I`m Alan Partrige",687,"Narrative, TV series or episode","20001, 2000131"
"The Simpsons",682,"Narrative, TV series or episode","20001, 2000131"
"The Simpsons",682,"Narrative, TV series or episode","20001, 2000131"
"The Circle",675,"Narrative, Movie","20001, 2000130"
"The Circle",675,"Narrative, Movie","20001, 2000130"
Replicas,666,"Narrative, Movie","20001, 2000130"
Replicas,666,"Narrative, Movie","20001, 2000130"
"Infinite Detail: A Novel",655,"Narrative, Novel","20001, 2000133"
"Infinite Detail: A Novel",655,"Narrative, Novel","20001, 2000133"
"Futurama: War is the H-word",630,"Narrative, TV series or episode","20001, 2000131"
"Futurama: War is the H-word",630,"Narrative, TV series or episode","20001, 2000131"
"Ring (TM) Log",628,"Narrative, Electronic literature","20001, 2000137"
"Ring (TM) Log",628,"Narrative, Electronic literature","20001, 2000137"
"The Flower of Shazui",615,"Narrative, Short story","20001, 2000134"
"The Flower of Shazui",615,"Narrative, Short story","20001, 2000134"
"Facial recognition",613,"Narrative, Short story","20001, 2000134"
"Facial recognition",613,"Narrative, Short story","20001, 2000134"
"Better Than Us",611,"Narrative, TV series or episode","20001, 2000131"
"Better Than Us",611,"Narrative, TV series or episode","20001, 2000131"
Beforeigners,608,"Narrative, TV series or episode","20001, 2000131"
Beforeigners,608,"Narrative, TV series or episode","20001, 2000131"
"The Hunger Games (series)",589,"Narrative, Movie, Novel","20001, 2000130, 2000133"
"The Hunger Games (series)",589,"Narrative, Movie, Novel","20001, 2000130, 2000133"
"The Hunger Games (series)",589,"Narrative, Movie, Novel","20001, 2000130, 2000133"
"Square Eyes",585,"Narrative, Comic","20001, 2000330"
"Square Eyes",585,"Narrative, Comic","20001, 2000330"
"Black Mirror",553,"Narrative, TV series or episode","20001, 2000131"
"Black Mirror",553,"Narrative, TV series or episode","20001, 2000131"
Skinned,534,"Narrative, Novel","20001, 2000133"
Skinned,534,"Narrative, Novel","20001, 2000133"
TendAR,514,"Game, Narrative, Electronic literature","20003, 20001, 2000137"
TendAR,514,"Game, Narrative, Electronic literature","20003, 20001, 2000137"
"You•Who? Customised Cinema Installation",510,"Narrative, Movie","20001, 2000130"
"You•Who? Customised Cinema Installation",510,"Narrative, Movie","20001, 2000130"
"Ayo Technology",504,"Narrative, Music video","20001, 2000316"
"Ayo Technology",504,"Narrative, Music video","20001, 2000316"
"A View to a Kill",495,"Narrative, Movie","20001, 2000130"
"A View to a Kill",495,"Narrative, Movie","20001, 2000130"
"Security Cameras",473,"Narrative, Music video","20001, 2000316"
"Security Cameras",473,"Narrative, Music video","20001, 2000316"
"Spider Man: Far From Home",463,"Narrative, Movie","20001, 2000130"
"Spider Man: Far From Home",463,"Narrative, Movie","20001, 2000130"
"Iron Man",454,"Narrative, Movie","20001, 2000130"
"Iron Man",454,"Narrative, Movie","20001, 2000130"
"Machines Like Me",432,"Narrative, Novel","20001, 2000133"
"Machines Like Me",432,"Narrative, Novel","20001, 2000133"
Grief,423,"Narrative, Music video","20001, 2000316"
Grief,423,"Narrative, Music video","20001, 2000316"
"Why Him?",417,"Narrative, Movie","20001, 2000130"
"Why Him?",417,"Narrative, Movie","20001, 2000130"
"Years and Years",413,"Narrative, TV series or episode","20001, 2000131"
"Years and Years",413,"Narrative, TV series or episode","20001, 2000131"
"Neon Genesis Evangelion",405,"Narrative, TV series or episode","20001, 2000131"
"Neon Genesis Evangelion",405,"Narrative, TV series or episode","20001, 2000131"
"Dirty Computer",393,"Narrative, Music video","20001, 2000316"
"Dirty Computer",393,"Narrative, Music video","20001, 2000316"
"True Beauty",389,"Narrative, TV series or episode","20001, 2000131"
"True Beauty",389,"Narrative, TV series or episode","20001, 2000131"
"Strange Beasts",373,"Narrative, Movie","20001, 2000130"
"Strange Beasts",373,"Narrative, Movie","20001, 2000130"
"The Cell",371,"Narrative, Music video","20001, 2000316"
"The Cell",371,"Narrative, Music video","20001, 2000316"
"Cam Boy",368,"Narrative, Music video","20001, 2000316"
"Cam Boy",368,"Narrative, Music video","20001, 2000316"
"Hell No",360,"Narrative, Music video","20001, 2000316"
"Hell No",360,"Narrative, Music video","20001, 2000316"
EYE,353,"Narrative, Music video","20001, 2000316"
EYE,353,"Narrative, Music video","20001, 2000316"
"Heartbreak Warfare",349,"Narrative, Music video","20001, 2000316"
"Heartbreak Warfare",349,"Narrative, Music video","20001, 2000316"
Paper,345,"Narrative, Music video","20001, 2000316"
Paper,345,"Narrative, Music video","20001, 2000316"
"Lost Faith",341,"Narrative, Music video","20001, 2000316"
"Lost Faith",341,"Narrative, Music video","20001, 2000316"
Alone,332,"Narrative, Music video","20001, 2000316"
Alone,332,"Narrative, Music video","20001, 2000316"
"Red Queen",327,"Narrative, Novel","20001, 2000133"
"Red Queen",327,"Narrative, Novel","20001, 2000133"
Awake,316,"Narrative, Movie, Online video","20001, 2000130, 2000132"
Awake,316,"Narrative, Movie, Online video","20001, 2000130, 2000132"
Awake,316,"Narrative, Movie, Online video","20001, 2000130, 2000132"
"Ocean`s Eight",290,"Narrative, Movie","20001, 2000130"
"Ocean`s Eight",290,"Narrative, Movie","20001, 2000130"
"They Live",286,"Narrative, Movie","20001, 2000130"
"They Live",286,"Narrative, Movie","20001, 2000130"
"Shutter (film)",282,"Narrative, Movie","20001, 2000130"
"Shutter (film)",282,"Narrative, Movie","20001, 2000130"
Transmetropolitan,254,"Narrative, Comic","20001, 2000330"
Transmetropolitan,254,"Narrative, Comic","20001, 2000330"
"Ancillary Justice",249,"Narrative, Novel","20001, 2000133"
"Ancillary Justice",249,"Narrative, Novel","20001, 2000133"
"I Created an AI to Make Procedurally Generated Movies, But They're Horrifying",226,"Narrative, Creepypasta","20001, 2000136"
"I Created an AI to Make Procedurally Generated Movies, But They're Horrifying",226,"Narrative, Creepypasta","20001, 2000136"
"Facial Features Not Recognized",224,"Narrative, Creepypasta","20001, 2000136"
"Facial Features Not Recognized",224,"Narrative, Creepypasta","20001, 2000136"
"My Camera Knows Something I Don't",222,"Narrative, Creepypasta","20001, 2000136"
"My Camera Knows Something I Don't",222,"Narrative, Creepypasta","20001, 2000136"
"I'm going to die, and probably soon, because of what I saw through an unsecured webcam one night",220,"Narrative, Creepypasta","20001, 2000136"
"I'm going to die, and probably soon, because of what I saw through an unsecured webcam one night",220,"Narrative, Creepypasta","20001, 2000136"
"Satellite Images",218,"Narrative, Creepypasta","20001, 2000136"
"Satellite Images",218,"Narrative, Creepypasta","20001, 2000136"
"Nineteen Eighty-Four",202,"Narrative, Novel","20001, 2000133"
"Nineteen Eighty-Four",202,"Narrative, Novel","20001, 2000133"
"Little Brother",173,"Narrative, Novel","20001, 2000133"
"Little Brother",173,"Narrative, Novel","20001, 2000133"
"Lessons on Leaving Your Body",167,"Art, Narrative, Movie","20002, 20001, 2000130"
"Lessons on Leaving Your Body",167,"Art, Narrative, Movie","20002, 20001, 2000130"
"No More Selfies - A Kardashian Dystopia",165,"Narrative, Fan fiction","20001, 2000135"
"No More Selfies - A Kardashian Dystopia",165,"Narrative, Fan fiction","20001, 2000135"
"Trette Menn",164,"Narrative, Novel","20001, 2000133"
"Trette Menn",164,"Narrative, Novel","20001, 2000133"
Daemon,162,"Narrative, Novel","20001, 2000133"
Daemon,162,"Narrative, Novel","20001, 2000133"
"Drones Don't Kill People",157,"Narrative, Short story","20001, 2000134"
"Drones Don't Kill People",157,"Narrative, Short story","20001, 2000134"
Autonomous,153,"Narrative, Novel","20001, 2000133"
Autonomous,153,"Narrative, Novel","20001, 2000133"
"Cowboy Bebop",144,"Narrative, TV series or episode","20001, 2000131"
"Cowboy Bebop",144,"Narrative, TV series or episode","20001, 2000131"
"Minority Report",141,"Narrative, Movie","20001, 2000130"
"Minority Report",141,"Narrative, Movie","20001, 2000130"
"Someone to Watch Over Me",133,"Narrative, Short story","20001, 2000134"
"Someone to Watch Over Me",133,"Narrative, Short story","20001, 2000134"
"Has Anyone Else Used ExpressionCaptioner?",127,"Narrative, Creepypasta","20001, 2000136"
"Has Anyone Else Used ExpressionCaptioner?",127,"Narrative, Creepypasta","20001, 2000136"
Selfies,125,"Narrative, Short story","20001, 2000134"
Selfies,125,"Narrative, Short story","20001, 2000134"
"Totally Normal",112,"Narrative, TV series or episode, Online video","20001, 2000131, 2000132"
"Totally Normal",112,"Narrative, TV series or episode, Online video","20001, 2000131, 2000132"
"Totally Normal",112,"Narrative, TV series or episode, Online video","20001, 2000131, 2000132"
"Young Ones",108,"Narrative, Movie","20001, 2000130"
"Young Ones",108,"Narrative, Movie","20001, 2000130"
eXistenZ,104,"Narrative, Movie","20001, 2000130"
eXistenZ,104,"Narrative, Movie","20001, 2000130"
"Sword Art Online",96,"Narrative, TV series or episode","20001, 2000131"
"Sword Art Online",96,"Narrative, TV series or episode","20001, 2000131"
"“Thoughts and Prayers”",94,"Narrative, Short story","20001, 2000134"
"“Thoughts and Prayers”",94,"Narrative, Short story","20001, 2000134"
"AI, Ain't I a Woman",86,"Art, Video art, Narrative, Online video","20002, 2000139, 20001, 2000132"
"AI, Ain't I a Woman",86,"Art, Video art, Narrative, Online video","20002, 2000139, 20001, 2000132"
"The Machine Stops",82,"Narrative, Short story","20001, 2000134"
"The Machine Stops",82,"Narrative, Short story","20001, 2000134"
"Hardcore Henry",80,"Narrative, Movie","20001, 2000130"
"Hardcore Henry",80,"Narrative, Movie","20001, 2000130"
"Song of the Machine",67,"Narrative, Online video","20001, 2000132"
"Song of the Machine",67,"Narrative, Online video","20001, 2000132"
"I Spy with my Machine Eye",26,"Art, Online art, Narrative, Electronic literature","20002, 2000159, 20001, 2000137"
"I Spy with my Machine Eye",26,"Art, Online art, Narrative, Electronic literature","20002, 2000159, 20001, 2000137"
"In the Robot Skies: A Drone Love Story",25,"Narrative, Online video","20001, 2000132"
"In the Robot Skies: A Drone Love Story",25,"Narrative, Online video","20001, 2000132"
"The Webcam Project",19,"Narrative, Creepypasta","20001, 2000136"
"The Webcam Project",19,"Narrative, Creepypasta","20001, 2000136"
"Ralph Breaks the Internet",10,"Narrative, Movie","20001, 2000130"
"Ralph Breaks the Internet",10,"Narrative, Movie","20001, 2000130"
"Breathe: A Ghost Story",6,"Narrative, Electronic literature","20001, 2000137"
"Breathe: A Ghost Story",6,"Narrative, Electronic literature","20001, 2000137"