CharacterID,Character,RaceOrEthnicity,Gender,Species,Age,Sexuality,Customizable?,"Individual or group?"
3263,"Patrick (Sight)",White,Male,Human,Adult,Heterosexual,False,False
3262,"Daphne W (Sight)",White,Female,Human,Adult,Heterosexual,False,False
3257,"Jason Hatta",Unknown,Male,Human,Adult,Heterosexual,False,False
3254,Regina,Unknown,Female,Human,Adult,Unknown,False,False
3251,Emily,White,Female,Machine,Adult,Heterosexual,False,False
3247,A2,White,Female,Machine,Adult,Unknown,False,False
3240,"Imran Zakhaev",Unknown,Male,Human,Adult,Unknown,False,False
3239,"Lt. John Price",White,Male,Human,Adult,Unknown,False,False
3237,"Unnamed battlebot",Unknown,Unknown,Machine,Adult,Unknown,False,False
3232,"Sim (The Sims 4)",Unknown,Unknown,Unknown,Unknown,Unknown,True,False
3231,"Narrator (Expression captioner)",White,Male,Human,Adult,Unknown,False,False
3230,"Narrator (Facial Features Not Recognized)",Unknown,Male,Human,Adult,Unknown,False,False
3229,Avina,Unknown,Female,Machine,Adult,Unknown,False,False
3224,"Robot doll (Squid Game)",Unknown,Female,Machine,Child,Unknown,False,False
3223,"Gi-hun Seong",Asian,Male,Human,Adult,Heterosexual,False,False
3217,Niki,White,"Non-binary or Other",Human,"Young Adult",Unknown,False,False
3214,"The Mother (Klara and the Sun)",Unknown,Female,Human,Adult,Heterosexual,False,False
3213,Klara,Unknown,Female,Machine,"Young Adult",Unknown,False,False
3206,"Woman with smartphone (Deep Down Tidal)",Black,Female,Human,Adult,Unknown,False,False
3192,Zizi,Unknown,"Non-binary or Other",Human,Adult,Unknown,False,False
3191,"Drag Artists (The Zizi Show)",Unknown,"Non-binary or Other",Human,Adult,Unknown,False,True
3187,"Saudi and Iraqi ancestors",Indigenous,Unknown,Human,Unknown,Unknown,False,True
3172,Argus,Black,Male,Human,Adult,Unknown,False,False
3160,"Hackers (Black Mirror)",Unknown,Unknown,Human,Unknown,Unknown,False,True
3155,"Jake (Someone to Watch Over Me)",Unknown,Male,Human,Adult,Heterosexual,False,False
3154,"Becky (Someone to Watch Over Me)",Unknown,Female,Human,Child,Unknown,False,False
3152,"""Nakeema Stefflbauer""",Black,Female,Human,Adult,Unknown,False,False
3144,"Bri-Bri (No More Selfies)",Unknown,Male,Human,Adult,Heterosexual,False,False
3141,Eliasz,Unknown,Male,Human,Adult,Heterosexual,False,False
3139,Paladin,Unknown,"Trans Woman",Cyborg,Adult,Heterosexual,False,False
3136,"Natasha Romanoff (The Black Widow)",White,Female,Human,Adult,Heterosexual,False,False
3135,Taskmaster,White,Female,Human,Adult,Unknown,False,False
3133,"Steel Brother",Unknown,Male,Machine,Adult,Unknown,False,False
3131,Sankofa,Black,Female,Human,Child,Unknown,False,False
3124,"Masha Maximow",White,Female,Human,Adult,Unknown,False,False
3123,"Nithya Balachandran","Person of Colour",Female,Human,Adult,Heterosexual,False,False
3118,"Welga (Olga Ramírez)","Person of Colour",Female,Human,Adult,Heterosexual,False,False
3114,"Barney Calhoun",Unknown,Male,Human,Adult,Unknown,False,False
3113,"Gordon Freeman",White,Male,Human,Adult,Unknown,False,False
3111,"Norman Jayden",White,Male,Human,Adult,Unknown,False,False
3107,"Johnny Silverhand",White,Male,Machine,Adult,Heterosexual,False,False
3105,"Alt Cunningham",White,Female,Machine,Adult,Heterosexual,False,False
3101,"Miles Kilo",White,Male,Cyborg,Adult,Unknown,False,False
3100,"Chad Mulligan",White,Male,Human,Adult,Unknown,False,False
3099,"Trevor Philips",Unknown,Male,Human,Adult,Unknown,False,False
3098,"Franklin Clinton",Black,Male,Human,Adult,Unknown,False,False
3096,"Robert ""Red"" Ramsey",White,Male,Human,Adult,Unknown,False,False
3094,"Cole Black",Unknown,Male,Human,Adult,Unknown,False,False
3086,"Huangyan (Yellow Eye)",Asian,Male,Human,Adult,Heterosexual,False,False
3084,"Sexy woman (Ayo Technology)",White,Female,Human,Adult,Heterosexual,False,False
3079,"Peter Riviera",Unknown,Male,Human,Adult,Heterosexual,False,False
3074,"Sara/Scott Ryder",White,Unknown,Human,Adult,Unknown,True,False
3073,"Jack ""Pulse"" Estrada",White,Male,Human,Adult,Unknown,False,False
3071,"Chul Kyung ""Vigil"" Hwa",Asian,Male,Human,Adult,Unknown,False,False
3070,Nøkk,Unknown,Female,Human,Adult,Unknown,False,False
3064,Mattie,White,Female,Human,Adult,Unknown,False,False
3061,"Aria ""Alibi"" de Luca",Complex,Female,Human,Adult,Unknown,False,False
3060,"Nienke ""Iana"" Meijer",Unknown,Female,Human,Adult,Unknown,False,False
3059,"Ryad Ramírez ""Jackal"" Al-Hassar",Unknown,Male,Human,Adult,Unknown,False,False
3056,"Sao Paulo citizens",Unknown,Unknown,Human,Unknown,Unknown,False,True
3055,"Timur ""Glaz"" Glazkov",Unknown,Male,Human,Adult,Unknown,False,False
3053,"Mechanical Turk Workers (selfiecity)",Unknown,Unknown,Human,Adult,Unknown,False,True
3045,"Katie's dog",Unknown,Unknown,Animal,Unknown,Unknown,False,False
3032,Katie,White,Female,Human,"Young Adult",Homosexual,False,False
3027,SHN,Unknown,Unknown,Machine,Adult,Unknown,False,False
3025,"Anna Agarwal",Unknown,Female,Human,Adult,Homosexual,False,False
3022,Beacon,Unknown,Unknown,Machine,Adult,Unknown,False,False
3021,"Amber Rose 348",Unknown,Male,Machine,Adult,Heterosexual,False,False
3004,"Lydia (State of Mind)",White,Female,Human,Adult,Heterosexual,False,False
3002,"Angela (State of Mind)",White,Female,Human,Adult,Unknown,False,False
3000,"Kevin's wife (Solar Opposites)",White,Female,Human,Adult,Heterosexual,False,False
2999,"Kevin (Solar Opposites)",White,Male,Human,Adult,Heterosexual,False,False
2998,"Men with man caves (Solar Opposites)",Unknown,Male,Human,Adult,Unknown,False,True
2994,"Jesse (Solar Opposites)",Unknown,"Non-binary or Other",Fictional,"Young Adult",Unknown,False,False
2993,"Terry (Solar Opposites)",Unknown,Male,Fictional,Adult,Unknown,False,False
2992,Korvo,Unknown,Male,Fictional,Adult,Unknown,False,False
2991,P.A.T.R.I.C.I.A.,White,Female,Machine,Adult,Unknown,False,False
2982,"AMT workers (Assembly Line)",Unknown,Unknown,Human,Adult,Unknown,False,False
2965,"Animal Robots (Simpsons)",Unknown,Unknown,Machine,Unknown,Unknown,False,True
2964,"Interviewed Young Adults (3%)",Unknown,Unknown,Human,"Young Adult",Unknown,False,True
2963,"Animals (The Last Human)",Unknown,Unknown,Animal,Unknown,Unknown,False,True
2962,"Endangered Bird (STET)",Unknown,Unknown,Animal,Unknown,Unknown,False,False
2960,"Mae's parents",White,Unknown,Human,Elderly,Heterosexual,False,True
2957,Renata,Unknown,Female,Human,Adult,Unknown,False,True
2956,"Alan Hakman",White,Male,Human,Adult,Heterosexual,False,False
2953,"Mrs Munroe",White,Female,Human,Elderly,Heterosexual,False,False
2951,"Girl (The Final Cut)",Unknown,Female,Human,"Young Adult",Unknown,False,False
2947,"Hitomi Yoshida",Unknown,Female,Human,Adult,Heterosexual,False,False
2946,"Riva Karnovsky",Unknown,Female,Human,Adult,Heterosexual,False,False
2942,Beth,White,Female,Human,Adult,Heterosexual,False,False
2941,Ffion,White,Female,Human,Adult,Heterosexual,False,False
2933,"Leo (URME)",White,Male,Human,Adult,Unknown,False,False
2930,"Man (...som duften av en drøm...)",Unknown,Male,Human,Adult,Heterosexual,False,False
2929,"Victim (Rugal)",Asian,Male,Human,Adult,Unknown,False,False
2927,Zane,White,Male,Human,Adult,Other,False,False
2925,"Hwang Deuk-Gu",Asian,Male,Human,Adult,Unknown,False,False
2924,"Memo Cruz's Father","Person of Colour",Male,Human,Adult,Unknown,False,False
2923,"Memo Cruz","Person of Colour",Male,Human,"Young Adult",Unknown,False,False
2921,"PEC goverment offical","Person of Colour",Male,Human,Adult,Unknown,False,False
2920,Lucía,White,Female,Human,Adult,Unknown,False,False
2919,"Sonya Safronova",White,Female,Human,Child,Unknown,False,False
2918,"Alla Safronova",White,Female,Human,Adult,Unknown,False,False
2916,"Men in board room (Better Than Us)",White,Male,Human,Adult,Unknown,False,True
2914,"Hunted Child (2033: La Ilusión de un Futuro Mejor)","Person of Colour",Male,Human,Child,Unknown,False,False
2913,"Hunted Father (2033: La Ilusión de un Futuro Mejor)","Person of Colour",Male,Human,Adult,Unknown,False,False
2911,Pablo,White,Male,Human,Adult,Unknown,False,False
2910,Kenzo,White,Male,Human,Adult,Unknown,False,False
2909,"James Holden",White,Male,Human,Adult,Heterosexual,False,False
2907,"A.I. (The Social Dilemma)",White,Male,Machine,Adult,Unknown,False,False
2901,"Adam Newman",White,Male,Machine,Adult,Heterosexual,False,False
2900,"Richard Nolan",White,Male,Human,Adult,Heterosexual,False,False
2899,"Lieutenant Joshi",White,Female,Human,Adult,Unknown,False,False
2897,"John Wyles",White,Male,Human,Elderly,Heterosexual,False,False
2896,"Dr. Eva Rosalene",Black,Female,Human,Adult,Unknown,False,False
2895,"Dr. Neil Watts",White,Male,Human,Adult,Unknown,False,False
2891,"Martin Symborski",White,Male,Human,Adult,Unknown,False,False
2890,"Katya Kozlova",White,Female,Human,Adult,Unknown,False,False
2889,"Angel (Blade Runner 2049)",White,Female,Human,Adult,Unknown,False,False
2887,"Ellery Vas",Unknown,Female,Human,Unknown,Unknown,False,False
2886,"AC-130 TV operator",Unknown,Male,Human,Unknown,Unknown,False,False
2881,"John ""Soap"" MacTavish",White,Male,Human,Adult,Unknown,False,False
2878,"Agents (Satellite Reign)",Unknown,Unknown,Machine,Adult,Unknown,False,True
2873,"Agent Roy Merritt",White,Male,Human,Adult,Heterosexual,False,False
2870,"Charles Mosely",Black,Male,Human,Adult,Heterosexual,False,False
2868,"Marcus Yallow",Unknown,Male,Human,"Young Adult",Heterosexual,False,False
2863,Greyson,"Person of Colour",Male,Human,"Young Adult",Unknown,False,False
2860,"Rowan Damish","Person of Colour",Male,Human,"Young Adult",Heterosexual,False,False
2858,"Citra Terranova/Scythe Anastasia","Person of Colour",Female,Human,"Young Adult",Heterosexual,False,False
2857,Thunderhead,Unknown,Unknown,Machine,Adult,Unknown,False,False
2855,"Francis Pritchard",White,Male,Human,Adult,Unknown,False,False
2854,"Adam Jensen",White,Male,Cyborg,Adult,Unknown,False,False
2851,"Iconic Black Woman",Black,Female,Human,Adult,Unknown,False,False
2848,"Nova Terra",White,Female,Human,Adult,Unknown,False,False
2846,"Akihabara (NAMAHAGE in Tokyo)",Asian,Male,Human,"Young Adult",Unknown,False,False
2844,"Valerian Mengsk",White,Male,Human,Adult,Unknown,False,False
2843,"Jim Raynor",White,Male,Human,Adult,Heterosexual,False,False
2842,"Arcturus Mengsk",White,Male,Human,Adult,Unknown,False,False
2839,"Unnamed android (The Talos Principle)",Unknown,Unknown,Machine,Unknown,Unknown,False,False
2838,"Gangsters (Security Cameras)",Black,Male,Human,Adult,Unknown,False,True
2830,"""3D Binna Choi""",Asian,Female,Human,Adult,Unknown,False,False
2829,"The Mauler Twins",Unknown,Male,Fictional,Unknown,Unknown,False,True
2827,"The (new) Guardians of the Globe",Unknown,Unknown,Unknown,Unknown,Unknown,False,True
2826,"Global Defense Agency",White,Male,Human,Adult,Unknown,False,True
2818,X-Men,Unknown,Unknown,Fictional,Unknown,Unknown,False,True
2816,Vision,Unknown,Male,Machine,Adult,Unknown,False,False
2815,"James Rhodes",Black,Male,Human,Adult,Unknown,False,False
2814,"Mark Grayson",Complex,Male,Fictional,"Young Adult",Heterosexual,False,False
2813,"Robot (Invincible)",Unknown,Male,Machine,Unknown,Unknown,False,False
2808,"Moff Gideon",Complex,Male,Human,Adult,Unknown,False,False
2801,"Edward (The Peripheral)",Black,Male,Human,Adult,Homosexual,False,False
2797,Verity,White,Female,Human,Adult,Heterosexual,False,False
2796,Eunice/UNISS,Black,Female,Machine,Adult,Unknown,False,False
2794,"Dalton Woolfe",White,Male,Human,Adult,Unknown,False,False
2792,"Sabine Brandt",White,Female,Human,Adult,Unknown,False,False
2789,Holston,Unknown,Male,Human,Adult,Heterosexual,False,False
2787,Bagley,Unknown,Male,Machine,Unknown,Unknown,False,False
2786,"DedSec Operative",Unknown,Unknown,Human,Unknown,Unknown,True,False
2782,Compis,Unknown,Male,Machine,"Young Adult",Unknown,False,False
2780,Fredrik,Unknown,Male,Human,"Young Adult",Unknown,False,False
2779,Leo,White,Male,Human,"Young Adult",Unknown,False,False
2777,"Gideon DeKalb's mother",Unknown,Female,Human,Adult,Unknown,False,False
2775,"Gideon DeKalb",White,Female,Human,"Young Adult",Unknown,False,False
2773,"Unknown woman (The Rain)",White,Female,Human,Adult,Heterosexual,False,False
2770,"The Operator (Lifeline)",Unknown,Male,Human,Adult,Heterosexual,False,False
2768,"Anthony Lund",White,Male,Human,Adult,Heterosexual,False,False
2767,Alfred,White,Male,Human,Elderly,Unknown,False,False
2765,"Simon Stagg",White,Male,Human,Adult,Unknown,False,False
2762,"""Max Dovey""",White,Male,Human,Adult,Unknown,False,False
2759,"Soldiers (Interface)",Unknown,Male,Human,Adult,Unknown,False,True
2758,"Suspect (Interface)",Unknown,Male,Human,Adult,Unknown,False,False
2756,"Consumer (Belief Systems)",White,Female,Human,Adult,Unknown,False,False
2754,"Deep Face Dude",White,Male,Human,Unknown,Unknown,False,False
2753,Nannybot,White,Female,Machine,Adult,Unknown,False,False
2752,"Female Device Users",Unknown,Female,Human,Adult,Unknown,False,True
2751,"Animals (Encounters)",Unknown,Unknown,Animal,Unknown,Unknown,False,True
2750,Darren,White,Male,Human,"Young Adult",Unknown,False,False
2748,"Doctor (Seed)",Black,Male,Human,Adult,Unknown,False,False
2747,"Security company (Seed)",White,Unknown,Human,Adult,Unknown,False,True
2745,"Human children",Unknown,Unknown,Human,Child,Unknown,False,True
2744,"""Doug Rosman""",White,Male,Human,Adult,Unknown,False,False
2743,"White Collar Criminal",White,Male,Human,Adult,Unknown,False,True
2742,"""Bill Hader""",White,Male,Human,Adult,Unknown,False,False
2736,"Asylum patients (Outlast)",Unknown,Male,Fictional,Adult,Unknown,False,True
2735,Animatrons,Unknown,Unknown,Machine,Unknown,Unknown,False,True
2734,"Machine animals",Unknown,Unknown,Machine,Unknown,Unknown,False,True
2733,"Red Girls",White,"Non-binary or Other",Machine,Child,Unknown,False,False
2731,9S,White,Male,Machine,Adult,Unknown,False,False
2730,"Natali Kuroshenko",White,Female,Human,Adult,Homosexual,False,False
2728,"Corporal Mandy Bale","Person of Colour",Female,Human,Adult,Unknown,False,False
2725,"Captain Leo",Black,Male,Machine,Adult,Unknown,False,False
2724,"Lt. Thomas Harp",Black,Male,Human,Adult,Heterosexual,False,False
2720,"Daniel Lyons",White,Male,Human,Adult,Homosexual,False,False
2718,South,White,Male,Human,Adult,Unknown,False,False
2713,Chloe,White,Female,Human,Child,Unknown,False,False
2708,"William Daniels",Indigenous,Male,Human,Adult,Heterosexual,False,False
2699,Oz,Asian,Male,Cyborg,Adult,Unknown,False,False
2698,"Jim Compagnoni",White,Male,Human,Adult,Unknown,False,False
2692,"The Boy",Unknown,Male,Machine,Child,Unknown,False,False
2691,"The Man",White,Male,Human,Adult,Unknown,False,False
2685,"Alex Neville",White,Male,Human,"Young Adult",Unknown,False,False
2681,Shelly,Unknown,Female,Animal,Unknown,Unknown,False,False
2680,"Unknown hacker (Hyper reality)",Unknown,Unknown,Human,Unknown,Unknown,False,False
2678,"Juliana Restrepo","Person of Colour",Female,Human,Adult,Unknown,False,False
2674,Amber,White,Female,Human,Adult,Heterosexual,False,False
2673,Daniel,White,Male,Human,Adult,Heterosexual,False,False
2669,"Krissana Khongtip",Asian,Female,Cyborg,Adult,Homosexual,False,False
2668,"Orfea Leung",Asian,Female,Human,Adult,Homosexual,False,False
2662,Louisa,White,Female,Human,Adult,Unknown,False,False
2661,"Max robot",Unknown,Unknown,Machine,Unknown,Unknown,False,False
2660,Nigel,White,Male,Human,Elderly,Unknown,False,False
2658,Pig,Unknown,Unknown,Animal,Unknown,Unknown,False,False
2656,"Hungry Man",White,Male,Human,Adult,Unknown,False,False
2653,"Garm Galtung (Utbryterne)",White,Male,Human,Adult,Heterosexual,False,False
2641,"Noah (Utbryterne)",White,Male,Human,"Young Adult",Heterosexual,False,False
2639,"Unnamed technician (Gnomon)",Unknown,Male,Human,Adult,Unknown,False,False
2636,"""Incubus""",White,Male,Human,Adult,Unknown,False,True
2634,"Mielikki Neith (Gnomon)",Unknown,Female,Human,Adult,Unknown,False,False
2633,"Diana Hunter (Gnomon)",Unknown,Female,Human,Elderly,Unknown,False,False
2640,"Carla (Utbryterne)","Person of Colour",Female,Human,"Young Adult",Heterosexual,False,False
2629,"Scary Skull Cyborg",Unknown,Unknown,Cyborg,Unknown,Unknown,False,False
2627,"""Megadeath""",White,Male,Human,Adult,Unknown,False,False
2623,"Light Hope",Unknown,Female,Machine,Adult,Unknown,False,False
2621,Catra,Unknown,Female,Fictional,Adult,Unknown,False,False
2616,"Michael de Santa",White,Male,Human,Adult,Heterosexual,False,False
2610,"The Princesses",Unknown,Female,Fictional,Unknown,Unknown,False,True
2609,"The Horde",Unknown,Unknown,Unknown,Unknown,Unknown,False,True
2608,She-Ra/Adora,White,Female,Human,Adult,Unknown,False,False
2604,"Donna Hawthorne",White,Female,Human,Adult,Unknown,False,False
2603,"Fred (undercover cop)",White,Male,Human,Adult,Heterosexual,False,False
2600,"Bob Arctor",White,Male,Human,Adult,Heterosexual,False,False
2596,"Go Nan-do",Asian,Male,Human,Adult,Heterosexual,False,False
2591,"Go Yoo-jin",Asian,Female,Human,Adult,Unknown,False,False
2589,Superintelligence,Unknown,Male,Machine,Unknown,Unknown,False,False
2588,Carol,White,Female,Human,Adult,Heterosexual,False,False
2584,"User 2 (DOOR and BOX)",White,Male,Human,"Young Adult",Unknown,False,False
2583,"User 1 (DOOR and BOX)","Person of Colour",Female,Human,"Young Adult",Unknown,False,False
2572,Mitchell,White,Male,Human,Adult,Heterosexual,False,False
2568,"Amazon Mechanical Turk worker (Lacework)",Unknown,Unknown,Human,Adult,Unknown,False,True
2563,"Han So-Yeon",Asian,Female,Human,Adult,Unknown,False,False
2562,Holo,Asian,Male,Machine,Adult,Unknown,False,False
2560,Father,Black,Male,Machine,Adult,Unknown,False,False
2558,Otho,Unknown,Male,Human,Adult,Unknown,False,False
2557,Tempest,Black,Female,Human,"Young Adult",Unknown,False,False
2550,"Campion Sturges",White,Male,Human,Adult,Unknown,False,False
2548,"Rudolf Blodstrupmoen",White,Male,Human,Adult,Unknown,False,False
2547,"Reodor Felgen",White,Male,Human,Adult,Unknown,False,False
2540,"Adrian Griffin",White,Male,Human,Adult,Heterosexual,False,False
2539,"Cecilia Kass",White,Female,Human,Adult,Heterosexual,False,False
2534,"Strangers (Digital Skin)",Unknown,Unknown,Human,Adult,Unknown,False,True
2530,Atari,Asian,Male,Human,Child,Unknown,False,False
2522,Ursula,Unknown,Female,Human,Child,Unknown,False,False
2517,Ben,White,Male,Human,"Young Adult",Heterosexual,False,False
2515,"Enemies (Raised by Wolves)",Unknown,Unknown,Human,Adult,Unknown,False,True
2514,"Children (Raised by Wolves)",Unknown,Unknown,Human,Child,Unknown,False,True
2511,"Cutter Colby",Black,Female,Human,Adult,Unknown,False,False
2510,"Lucky 13",Unknown,Unknown,Machine,Unknown,Unknown,False,False
2509,"Thug (Cyberpunk 2077)",Unknown,Male,Human,Adult,Unknown,False,False
2507,"Holographic Fight Host",White,Male,Human,Adult,Unknown,False,False
2504,Suzy,White,Female,Human,Adult,Unknown,False,False
2501,"Valin Hess",White,Male,Human,Adult,Unknown,False,False
2500,"Migs Mayfield",White,Male,Human,Adult,Unknown,False,False
2499,"Din Djarin",Complex,Male,Human,Adult,Unknown,False,False
2497,"Box robot (Love, Death & Robots)",Unknown,Female,Machine,Unknown,Unknown,False,False
2496,"Small robot (Love, Death & Robots)",Unknown,Male,Machine,Unknown,Unknown,False,False
2495,"Humanoid robot (Love, Death & Robots)",Unknown,Male,Machine,Unknown,Unknown,False,False
2494,"Life coach (Cyberpunk 2077)",Asian,Male,Unknown,Adult,Unknown,False,False
2486,"Wu Lo (Bouvetøya 2052)",Asian,Male,Human,Adult,Unknown,False,False
2483,"Julian Makowski",White,Male,Human,Child,Unknown,False,False
2479,"Armin (Bouvetøya 2052)",Unknown,Male,Human,Adult,Heterosexual,False,False
2478,"Grol (Bouvetøya 2052)",Unknown,Male,Human,Adult,Unknown,False,False
2474,Viktor,White,Male,Cyborg,Adult,Unknown,False,False
2473,V,Unknown,Unknown,Cyborg,Adult,Unknown,True,False
2467,"Emma human",Unknown,Female,Human,"Young Adult",Unknown,False,False
2464,XR_935,Unknown,Unknown,Machine,Unknown,Unknown,False,False
2461,"Elders (... som duften av en drøm)",Unknown,Unknown,Human,Elderly,Unknown,False,True
2460,"Reader (... som duften av en drøm)",Unknown,Unknown,Human,Adult,Unknown,False,False
2452,"Hologram lady (Too much)",Black,Female,Machine,Adult,Unknown,False,False
2451,"""Marshmello""",Unknown,Unknown,Machine,Unknown,Unknown,False,False
2450,"""Usher""",Black,Male,Human,Adult,Unknown,False,False
2445,"Katarina Berg",White,Female,Human,Adult,Unknown,False,False
2439,"Guard (Rugal)",Asian,Male,Human,Adult,Unknown,False,False
2435,Bradley,Asian,Male,Human,Adult,Unknown,False,False
2430,Dust,Complex,Unknown,Fictional,Unknown,Unknown,False,False
2429,"Mary Malone",White,Female,Human,Adult,Unknown,False,False
2428,"Lyra Silvertongue",White,Female,Human,"Young Adult",Unknown,False,False
2421,"Alex Kamal",Complex,Male,Human,Adult,Heterosexual,False,False
2420,"Josephus Miller",White,Male,Human,Adult,Heterosexual,False,False
2414,"Naomi Nagata",Complex,Female,Human,Adult,Heterosexual,False,False
2407,"Three high-school aged girls (The Fall)",Unknown,Female,Human,"Young Adult",Unknown,False,True
2404,"Sophia (Fall)",Black,Female,Human,Adult,Heterosexual,False,False
2400,Subramanian,Asian,Female,Human,Adult,Heterosexual,False,False
2399,"Bhaskara Poduva",Asian,Male,Human,Elderly,Unknown,False,False
2398,Kunjappan,Unknown,Unknown,Machine,Unknown,Unknown,False,False
2394,"Srivalli's little brother",Asian,Male,Human,Child,Unknown,False,False
2392,Verma,Asian,Male,Human,Adult,Unknown,False,False
2391,Srivalli,Asian,Female,Human,Adult,Bi-sexual,False,False
2380,"The Physiologist (Cosmodrama)",White,Female,Human,Adult,Bi-sexual,False,False
2379,"Monkey (Cosmodrama)",Unknown,Unknown,Animal,Adult,Unknown,False,False
2376,Psychologist,White,Male,Human,Adult,Unknown,False,False
2375,"La femme des ondes/ the woman from the waves (Cosmodrama)",White,Female,Human,Adult,Unknown,False,False
2374,"Astronomer (Cosmodrama)",White,Male,Human,Elderly,Unknown,False,False
2373,"Reporter (Cosmodrama)",White,Male,Human,Adult,Heterosexual,False,False
2369,"Pakshi Rajan/Birds",Unknown,Unknown,Fictional,Unknown,Unknown,False,False
2365,"Chitti the robot",Unknown,Male,Machine,Adult,Heterosexual,False,False
2364,"Nila the robot",Unknown,Female,Machine,Adult,Heterosexual,False,False
2363,"Dr. Vaseegaran",Asian,Male,Human,Adult,Unknown,False,False
2357,Gabriela,"Person of Colour",Female,Human,Adult,Unknown,False,False
2353,Grandmaster,White,Male,Fictional,Elderly,Unknown,False,False
2352,Thor,White,Male,Fictional,Adult,Heterosexual,False,False
2349,"Virtual friends (Best friend)",Unknown,Unknown,Machine,Adult,Unknown,False,True
2348,"Homeless man (Best friend)",White,Male,Human,Elderly,Unknown,False,False
2347,"Camille (Best friend)",White,Female,Machine,Adult,Unknown,False,False
2346,"Arthur (Best Friend)",White,Male,Human,Adult,Unknown,False,False
2337,"S.H.I.E.L.D. agents",Unknown,Unknown,Human,Adult,Unknown,False,True
2335,Hawkeye,White,Male,Human,Adult,Heterosexual,False,False
2334,Loki,White,Male,Fictional,Adult,Unknown,False,False
2331,"Agent Phil Coulson",White,Male,Human,Adult,Unknown,False,False
2328,"David 8",White,Male,Machine,Adult,Unknown,False,False
2324,"Peter Weyland",White,Male,Human,Elderly,Unknown,False,False
2319,"Space station/ship crew members",Unknown,Unknown,Human,Adult,Unknown,False,True
2318,"Dr. Elizabeth Shaw",White,Female,Human,Adult,Heterosexual,False,False
2314,"The Engineers (Prometheus)",Unknown,Male,Fictional,Adult,Unknown,False,True
2313,Cutter,White,Male,Human,Adult,Unknown,False,False
2312,Batou,White,Male,Human,Adult,Unknown,False,False
2311,Major,White,Female,Cyborg,Adult,Unknown,False,False
2308,"Dr. Ryan Stone",White,Female,Human,Adult,Unknown,False,False
2303,"Nurse Gerhad",Black,Female,Human,Adult,Unknown,False,False
2302,"Dr. Dyson Ido",White,Male,Human,Elderly,Heterosexual,False,False
2301,Alita,White,Female,Cyborg,Adult,Heterosexual,False,False
2293,Edit,White,Female,Human,"Young Adult",Unknown,False,False
2285,"Sleeping crew members (2001: A Space Odyssey)",Unknown,Unknown,Human,Adult,Unknown,False,True
2280,HAL,Unknown,Unknown,Machine,Unknown,Unknown,False,False
2279,"Dr. Frank Poole",White,Male,Human,Adult,Unknown,False,False
2278,"Dr. David Bowman",White,Male,Human,Adult,Unknown,False,False
2274,"Dr. Floyd's daughter",White,Female,Human,Child,Unknown,False,False
2273,"Dr. Heywood Floyd",White,Male,Human,Adult,Unknown,False,False
2264,"Gus Mancuso",Black,Male,Human,Elderly,Unknown,False,False
2263,"Aurora Lane",White,Female,Human,Adult,Heterosexual,False,False
2262,"Jim Preston",White,Male,Human,Adult,Heterosexual,False,False
2256,Scavengers,Unknown,Unknown,Human,Unknown,Unknown,False,True
2254,"Victoria “Vika” Olsen",White,Female,Human,Adult,Heterosexual,False,False
2253,"Jack Harper",White,Male,Human,Adult,Heterosexual,False,False
2245,"Annotator (Suspicious Behavior)",Unknown,Unknown,Human,Adult,,False,False
2235,"Moritz Zimmermann",White,Male,Human,"Young Adult",Heterosexual,False,False
2228,"Paul Vanhove",White,Male,Human,Adult,Heterosexual,False,False
2227,"Esther Vanhove",White,Female,Human,Adult,Heterosexual,False,False
2218,Keaboka,Black,Male,Human,Adult,Unknown,False,False
2213,"Agent Smith",White,Male,Machine,Adult,Unknown,False,False
2212,"Narrator (Behind our irises)",Black,Female,Human,Adult,Heterosexual,False,False
2209,IAN,Asian,Male,Machine,Adult,Unknown,False,False
2202,Aline,"Person of Colour",Female,Human,Adult,Unknown,False,False
2201,Ezequiel,White,Male,Human,Adult,Heterosexual,False,False
2200,"Balem Abrasax",White,Male,Fictional,Adult,Unknown,False,False
2187,"Professor X",White,Male,Human,Adult,Unknown,False,False
2183,"Sentinels (X-Men: Days of Future Past)",Unknown,Unknown,Machine,Unknown,Unknown,False,True
2181,Mystique,White,Female,Human,Adult,Unknown,False,False
2173,"Captain Canady",White,Male,Human,Adult,Unknown,False,False
2172,"General Hux",White,Male,Human,Adult,Unknown,False,False
2164,C-3PO,Unknown,"Non-binary or Other",Machine,Unknown,Unknown,False,False
2163,R2-D2,Unknown,"Non-binary or Other",Machine,Unknown,Unknown,False,False
2161,Snoke,White,Male,Fictional,Elderly,Unknown,False,False
2160,"Luke Skywalker",White,Male,Human,Elderly,Heterosexual,False,False
2159,"Leia Skywalker Organa Solo",White,Female,Human,Elderly,Heterosexual,False,False
2157,"Han Solo",White,Male,Human,Elderly,Heterosexual,False,False
2155,Finn,Black,Male,Human,Adult,Heterosexual,False,False
2154,"Rey Skywalker",White,Female,Human,Adult,Heterosexual,False,False
2150,"Alexander Pierce",White,Male,Human,Adult,Unknown,False,False
2149,"Nick Fury",Black,Male,Human,Adult,Unknown,False,False
2141,Amaro,Black,Female,Human,Adult,Unknown,False,False
2138,"Pizza delivery boy",White,Male,Human,"Young Adult",Unknown,False,False
2136,"Bob Parr/ Mr. Incredible",White,Male,Human,Adult,Heterosexual,False,False
2130,"Mindy Park",White,Female,Human,Adult,Unknown,False,False
2114,Cordelia,Unknown,Female,Machine,Adult,Unknown,False,False
2113,Mariette,White,Female,Human,Adult,Unknown,False,False
2112,Joi,White,Female,Machine,Adult,Heterosexual,False,False
2111,"Starfleet officer Thomas Harewood",Black,Male,Human,Adult,Unknown,False,False
2107,Alex,White,Male,Human,Adult,Heterosexual,False,False
2106,Helena,White,Female,Human,Adult,Heterosexual,False,False
2097,"The Avengers",Unknown,Unknown,Unknown,Adult,Unknown,False,True
2088,"Uncle Georgo",Unknown,Male,Human,Elderly,Unknown,False,False
2087,Ludoviko,Unknown,Male,Human,Unknown,Unknown,False,False
2086,Rava,Unknown,Female,Human,"Young Adult",Unknown,False,False
2082,"Jesse (Welcome to Your Authentic Indian ExperienceTM)","Person of Colour",Female,Human,Adult,Heterosexual,False,False
2074,Nebula,Unknown,Female,Fictional,Adult,Unknown,False,False
2058,"Jack-Jack Parr",White,Male,Human,Child,Unknown,False,False
2054,"Chad Brentley",White,Male,Human,Adult,Unknown,False,False
2050,"Mark Watney",White,Male,Human,Adult,Unknown,False,False
2049,"Sergei Valishnikov",Unknown,Male,Human,Adult,Unknown,False,False
2024,"Dr. Ana Stelline",White,Female,Human,Adult,Unknown,False,False
2016,"Saw Gerrera",Black,Male,Human,Elderly,Unknown,False,False
2014,"Jyn Erso",White,Female,Human,Adult,Unknown,False,False
2012,"Bodhi Rook","Person of Colour",Male,Human,Adult,Unknown,False,False
2011,"Cassian Andor",White,Male,Human,Adult,Unknown,False,False
2006,"Honey Lemon",White,Female,Human,"Young Adult",Unknown,False,False
2003,"Evelyn Deavor",White,Female,Human,Adult,Unknown,False,False
1973,Prowler,Black,Male,Human,Adult,Unknown,False,False
1972,"Miles Morales",Black,Male,Human,"Young Adult",Heterosexual,False,False
1966,"Mechanical Turkers (Recoding Art)",Complex,Unknown,Human,Adult,Unknown,False,True
1957,Rebels,Complex,Unknown,Human,Adult,Unknown,False,True
1956,Trinity,White,Female,Human,Adult,Heterosexual,False,False
1955,Morpheus,Black,Male,Human,Adult,Heterosexual,False,False
1954,Neo,White,Male,Human,Adult,Heterosexual,False,False
1947,"Workers (Outra 33 Bienal de São Paulo)",Unknown,Male,Human,Adult,,False,True
1944,"Iron Man",White,Male,Human,Adult,Heterosexual,False,False
1941,"Song Mi-na",Asian,Female,Human,Adult,Unknown,False,False
1930,"Spiders (Espécies de espaços II / Species of spaces II)",Unknown,Unknown,Animal,Unknown,Unknown,False,True
1927,"Producers (The Last One)",Unknown,Unknown,Human,Adult,Unknown,False,True
1925,Zoo,White,Female,Human,Adult,Heterosexual,False,False
1922,"""Mari Nagem""",Unknown,Female,Human,Adult,,False,False
1920,"Han Tae-woong",Asian,Male,Human,"Young Adult",Unknown,False,False
1919,"Kang Ki-beom",Asian,Male,Human,Adult,Unknown,False,False
1915,"Dr. Carter",White,Male,Human,Adult,Unknown,False,False
1914,"Master Sergeant Farrell",White,Male,Human,Adult,Unknown,False,False
1910,"Mr. Wallace",White,Male,Cyborg,Adult,Unknown,False,False
1908,"""Ma Nu""",White,Female,Human,Adult,Unknown,False,False
1907,Luv,White,Female,Human,Adult,Unknown,False,False
1905,"Officer K (K, Joe)",White,Male,Human,Adult,Heterosexual,False,False
1896,"Students (... som duften av en drøm...)",Unknown,Unknown,Human,"Young Adult",Unknown,False,True
1894,"Palle Olsson",Unknown,Male,Human,Adult,Unknown,False,False
1893,Screenslaver,White,Male,Human,"Young Adult",Unknown,False,False
1889,Rocket,Complex,Male,Animal,Adult,Unknown,False,False
1887,"Inter-dimensional monster",Unknown,Unknown,Fictional,Unknown,Unknown,False,False
1885,Gamora,Complex,Female,Fictional,Adult,Heterosexual,False,False
1883,"Colonel Weber",Black,Male,Human,Adult,Unknown,False,False
1880,"Ian Donnelly",White,Male,Human,Adult,Heterosexual,False,False
1878,"Concert audience (Song for a New Day)",Unknown,Unknown,Human,Adult,Unknown,False,True
1862,"Khan Noonien Singh",White,Male,Human,Adult,Unknown,False,False
1861,Spock,Unknown,Male,Fictional,Adult,Unknown,False,False
1860,"Captain James Kirk",White,Male,Human,Adult,Unknown,False,False
1845,"Hiro Hamada",Asian,Male,Human,"Young Adult",Heterosexual,False,True
1844,Baymax,Unknown,Male,Machine,Unknown,Unknown,False,False
1837,"Remi (Død og oppstandelse)",White,Male,Human,Adult,Heterosexual,False,False
1836,"Oda Fåberg (Død og oppstandelse)",White,Female,Machine,Adult,Heterosexual,False,False
1834,"Sovereign pilots (Guardians of the Galaxy)",Complex,Unknown,Fictional,Adult,Unknown,False,True
1833,"High Priestess Ayesha",Complex,Female,Fictional,Adult,Unknown,False,False
1832,"Caine Wise",White,Male,Fictional,Adult,Heterosexual,False,False
1831,"Star-Lord/Peter Quill",White,Male,Human,Adult,Heterosexual,False,False
1829,"Jupiter Jones",White,Female,Human,Adult,Heterosexual,False,False
1828,Ibis,Black,Male,Human,Unknown,Unknown,False,False
1825,"Emma (AI)",Asian,Female,Machine,Adult,Unknown,False,False
1821,"Jung Hee Joo",Asian,Female,Human,Adult,Heterosexual,False,False
1820,"Yoo Jin Woo",Asian,Male,Human,Adult,Heterosexual,False,False
1813,"Hiroto Shimizu",Asian,Male,Human,Adult,Heterosexual,False,False
1812,Cable,White,Male,Cyborg,Adult,Heterosexual,False,False
1803,Deadpool,White,Male,Human,Adult,Heterosexual,False,False
1800,"Samantha Martinez",Unknown,Male,Human,Unknown,Unknown,False,False
1799,"Officer Jenkins",Unknown,Male,Human,Adult,Heterosexual,False,False
1797,"Jasper Hester",Unknown,Male,Human,Unknown,Unknown,False,False
1796,"Jimmy Hanson",Unknown,Male,Human,Unknown,Unknown,False,False
1780,"""Jill Magid""",White,Female,Human,Adult,Unknown,False,False
1778,Mother,White,Female,Machine,Adult,Unknown,False,False
1777,"Walkers (Alan Walker fans)",Unknown,Unknown,Human,"Young Adult",Unknown,False,True
1776,"""Alan Walker""",White,Male,Human,Adult,Unknown,False,False
1773,"Simon (LoveStar)",White,Male,Human,Adult,Heterosexual,False,False
1771,"Indridi (LoveStar)",White,Male,Human,Adult,Heterosexual,False,False
1756,"Terry Jeffords",Black,Male,Human,Adult,Heterosexual,False,False
1755,"Charles Boyle",White,Male,Human,Adult,Heterosexual,False,False
1754,"Amy Santiago","Person of Colour",Female,Human,Adult,Heterosexual,False,False
1753,"Jake Peralta",White,Male,Human,Adult,Heterosexual,False,False
1752,Simone,White,Female,Human,Adult,Heterosexual,False,False
1751,Martin,White,Male,Human,Adult,Heterosexual,False,False
1744,"Detective Vera Englund",White,Female,Cyborg,Adult,Heterosexual,False,False
1741,"Lina Romero","Person of Colour",Female,Human,Adult,Unknown,False,False
1738,"Allie Bream",Black,Female,Human,Adult,Unknown,False,False
1735,"Nina Peixoto","Person of Colour",Female,Human,Adult,Unknown,False,False
1732,"Replaced man",White,Male,Human,Adult,Unknown,False,False
1730,"Agent Everett Ross",White,Male,Human,Adult,Unknown,False,False
1727,Shuri,Black,Female,Human,Adult,Unknown,False,False
1726,Okoye,Black,Female,Human,Adult,Heterosexual,False,False
1725,T'Challa,Black,Male,Human,Adult,Heterosexual,False,False
1720,T'Chaka,Black,Male,Human,Adult,Heterosexual,False,False
1716,"Idir Jalil (The Test)","Person of Colour",Male,Human,Adult,Heterosexual,False,False
1713,"Woman in the street (Lagoon)",Black,Female,Human,Adult,Heterosexual,False,False
1695,"Amitjyoti ""Amy"" Ferrier","Person of Colour",Female,Human,Adult,Unknown,False,False
1687,"John Standish","Person of Colour",Male,Human,Adult,Unknown,False,False
1685,Juno,Unknown,Female,Machine,Adult,Heterosexual,False,False
1684,"Edward Kenway",White,Male,Human,Adult,Unknown,False,False
1648,"Frank Minelli",Unknown,Male,Human,Adult,Heterosexual,False,False
1646,"April Ryan",White,Female,Human,"Young Adult",Unknown,False,False
1643,Sidra,"Person of Colour",Female,Machine,Adult,Unknown,False,False
1630,"Luce Cannon",Unknown,Female,Human,Adult,Homosexual,False,False
1629,Rosemary,Unknown,Female,Human,Adult,Homosexual,False,False
1627,"SEER Robot",White,"Non-binary or Other",Machine,Child,,False,False
1620,"""Kronos Quartet""",Unknown,Unknown,Human,Adult,Unknown,False,True
1591,Amena,Black,Female,Human,"Young Adult",Unknown,False,False
1534,Frannie,Black,Female,Human,Adult,Heterosexual,False,False
1532,"Bernard Marx",White,Male,Human,Adult,Heterosexual,False,False
1531,"Lenina Crowne",White,Female,Human,Adult,Bi-sexual,False,False
1529,"John the Savage",White,Male,Human,Adult,Heterosexual,False,False
1525,Rio,White,Female,Human,Adult,Heterosexual,False,False
1524,"Anna Weber",White,Female,Machine,Child,Unknown,False,False
1523,"Victor Weber",White,Male,Human,Adult,Unknown,False,False
1521,John-117,Unknown,Male,Human,Adult,Unknown,False,False
1520,Cortana,White,Female,Machine,Adult,Unknown,False,False
1491,"Hundred Eyes",Unknown,Male,Machine,Adult,Unknown,False,False
1489,Nozomi,Unknown,Female,Machine,Adult,Unknown,False,False
1488,"Kiryu Kosuke",Asian,Male,Human,Adult,Heterosexual,False,False
1480,Murderbot,Unknown,Unknown,Cyborg,Adult,Unknown,False,False
1478,Batman,White,Male,Human,Adult,Heterosexual,False,False
1469,"Pod 042",Unknown,Male,Machine,Unknown,Unknown,False,False
1468,2B,White,Female,Machine,Adult,Unknown,False,False
1466,"Burglars (The Castle Doctrine)",White,Male,Human,Adult,Heterosexual,False,True
1465,"Player character (The Castle Doctrine)",White,Male,Human,Adult,Heterosexual,False,False
1462,"Snow Lotus",Asian,Female,Human,"Young Adult",Heterosexual,False,False
1451,Louis,Asian,Male,Human,Adult,Heterosexual,False,False
1437,Lindy,Unknown,Female,Machine,Unknown,Unknown,False,False
1436,Nocko,Unknown,Unknown,Machine,Child,Unknown,False,False
1428,"Molly Millions",White,Female,Human,Adult,Heterosexual,False,False
1427,Wintermute,Unknown,Unknown,Machine,Adult,Unknown,False,False
1425,Case,White,Male,Human,Adult,Heterosexual,False,False
1237,Aiba,Unknown,Female,Machine,"Young Adult",Unknown,False,False
1238,"Kaname Date",Unknown,Male,Human,Adult,Heterosexual,False,False
1234,Thorn,Unknown,Male,Human,Adult,Unknown,False,False
1230,SAM,Unknown,Male,Machine,Unknown,Unknown,False,False
1228,"""Chelsea E. Manning""",White,"Trans Woman",Human,Adult,Unknown,False,False
1226,"The Summit (House of Earth and Blood)",Unknown,Unknown,Fictional,Adult,Unknown,False,True
1225,"Micah Domitus",Unknown,Male,Fictional,Adult,Unknown,False,False
1222,"Bryce Quinlan",Unknown,Female,Fictional,Adult,Heterosexual,False,False
1207,"Andrea Farbe",Unknown,Female,Human,Child,Unknown,False,False
1206,Nikolina,Unknown,Female,Human,Adult,Unknown,False,False
1205,Grigor,Unknown,Male,Human,Adult,Unknown,False,False
1202,"Dweller of Alina's kentuki",Unknown,Male,Human,Child,Unknown,False,False
1201,Alina,Unknown,Female,Human,Adult,Heterosexual,False,False
1199,"Fin Ueda Soto",Unknown,Female,Human,Adult,Unknown,False,False
1192,"Ingrid Kannerman",White,Female,Human,Adult,Heterosexual,False,False
1191,"Nora Antony","Person of Colour",Female,Human,Adult,Heterosexual,False,False
1190,"Nathan Brown",White,Male,Human,Adult,Heterosexual,False,False
1179,"Game show contestants (H.I.T)",White,Unknown,Human,Adult,Unknown,False,True
1176,"Lea Nichols",White,Female,Human,Adult,Unknown,False,False
1172,"The Contestant (Ministry of Broadcast)",White,Male,Human,Adult,Heterosexual,False,False
1168,"Audience (Man With a Movie Camera)",White,Unknown,Human,Adult,Unknown,False,True
1163,"Abigail Fort (Thoughts and Prayers)",Unknown,Female,Human,Adult,Unknown,False,False
1159,Haru,Asian,Female,Human,"Young Adult",Unknown,False,False
1160,"The Cat King (The Cat Returns)",Unknown,Male,Animal,Adult,Heterosexual,False,False
1150,"Unnamed intern (The Webcam Project)",Unknown,Unknown,Human,Adult,Unknown,False,False
1149,"Unnamed woman (The Webcam Project)",Unknown,Female,Human,Adult,Unknown,False,False
1148,"David (The Webcam Project)",Unknown,Male,Human,Adult,Unknown,False,False
1142,"Surveillance man (Excellent)",Unknown,Male,Cyborg,Adult,Unknown,False,False
1141,"Child (Excellent)",White,Male,Human,Child,Unknown,False,False
1135,"Therapist ( Serious Games III: Immersion)",White,Female,Human,Adult,Unknown,False,False
1134,"Soldier ( Serious Games III: Immersion )",White,Male,Human,Adult,Unknown,False,False
1131,"Ryley Robinson","Person of Colour",Male,Human,Adult,Unknown,False,False
1130,"Oswin Oswald",White,Female,Cyborg,Adult,Heterosexual,False,False
1127,"The 11th Doctor",White,Male,Fictional,Adult,Heterosexual,False,False
1125,Evangelions,Unknown,Unknown,Cyborg,Unknown,Unknown,False,True
1121,Avalanche,Unknown,Unknown,Unknown,Adult,Unknown,False,True
1118,"Cloud Strife",White,Male,Human,Adult,Heterosexual,False,False
1114,"Takahashi`s daughter",Asian,Female,Human,Child,Unknown,False,False
1111,Takahashi,Asian,Male,Human,Adult,Unknown,False,False
1109,"Johnny Mnemonic",Complex,Male,Human,Adult,Heterosexual,False,False
1106,Parkaboy,White,Male,Human,Adult,Heterosexual,False,False
1105,"Friends of Parkaboy (Pattern Recognition)",Unknown,Male,Human,Adult,Unknown,False,True
1102,"Cayce Pollard",White,Female,Human,Adult,Unknown,False,False
1096,Turry,Unknown,Unknown,Machine,Unknown,Unknown,False,False
1095,"Emma (Seed)",White,Female,Human,"Young Adult",Unknown,False,False
1089,"Fred Allen",White,Male,Human,Adult,Heterosexual,False,False
1088,"Deloris Allen",Black,Female,Human,Adult,Heterosexual,False,False
1084,Alice/Lola,White,Female,Human,Adult,Unknown,False,False
1068,"Criminals (Manhunt)",Unknown,Male,Human,Adult,Unknown,False,True
1067,"Lionel Starkweather",White,Male,Human,Adult,Unknown,False,False
1065,"James Earl Cash",Complex,Male,Human,Adult,Unknown,False,False
1063,GLaDOS,Unknown,Female,Machine,Unknown,Unknown,False,False
1060,Chell,Complex,Female,Human,Adult,Unknown,False,False
1026,"""Fran Krause""",White,Male,Human,Adult,Unknown,False,False
1020,"Old lady (Coronavirus Drone Video)",Asian,Female,Human,Elderly,Unknown,False,False
1016,"Duke Nukem",White,Male,Human,Adult,Heterosexual,False,False
1014,Pokémon,Unknown,Unknown,Animal,Unknown,Unknown,False,True
1011,"Daniel Lazarski",White,Male,Human,Adult,Heterosexual,False,False
1009,Zombies,Unknown,Unknown,Fictional,Unknown,Unknown,False,True
1004,"Max Lao",Complex,"Trans Woman",Human,Adult,Unknown,False,False
998,"Latha Sesame","Person of Colour",Female,Human,Adult,Unknown,False,False
999,"Narrator (Exhalation)",Unknown,Unknown,Machine,Adult,Unknown,False,False
997,"Charles Regis",White,Male,Human,Adult,Heterosexual,False,False
988,Kuni,Unknown,Male,Human,Adult,Unknown,False,False
987,Vashti,Unknown,Female,Human,Adult,Unknown,False,False
983,Akan,White,Male,Human,Adult,Bi-sexual,False,False
982,"Stephen Lyons",White,Male,Human,Adult,Heterosexual,False,False
981,"Celeste Bisme-Lyons",Black,Female,Human,Adult,Heterosexual,False,False
977,San-xiang,Asian,Female,Human,Adult,Heterosexual,False,False
974,"Zhang Zhongshan",Complex,Male,Human,Adult,Homosexual,False,False
975,"Angel (China Mountain Zhang)",Complex,Female,Human,Adult,Unknown,False,False
970,Toby,Unknown,Male,Human,Adult,Heterosexual,False,False
966,"Peeta Mellark",White,Male,Human,"Young Adult",Heterosexual,False,False
960,"The Careers (The Hunger Games)",White,Unknown,Human,"Young Adult",Unknown,False,True
958,"Rue (The Hunger Games)",Black,Female,Human,"Young Adult",Unknown,False,False
955,"President Snow",White,Male,Human,Adult,Heterosexual,False,False
954,"Gamemasters (The Hunger Games)",Unknown,Unknown,Human,Adult,Unknown,False,True
953,"Katniss Everdeen",White,Female,Human,"Young Adult",Heterosexual,False,False
951,"Tony ""the shy pooper""",Unknown,Male,Fictional,Adult,Heterosexual,False,False
949,"Summer Smith",White,Female,Human,"Young Adult",Unknown,False,False
947,"Hardcore Henry",Unknown,Male,Human,Adult,Heterosexual,False,False
946,"Blind Mark",White,Male,Human,Adult,Unknown,False,False
945,Tamir,"Person of Colour",Male,Human,"Young Adult",Heterosexual,False,False
944,Jazz,"Person of Colour",Female,Human,"Young Adult",Heterosexual,False,False
938,"Citizens of Namie",Asian,Unknown,Human,Unknown,Unknown,False,True
934,"""Thom Yorke""",White,Male,Human,Adult,Unknown,False,False
932,"Lem Hewitt",Black,Male,Human,Adult,Unknown,False,True
925,"Rick Sanchez",White,Male,Human,Elderly,Heterosexual,False,False
926,"Morty Smith",White,Male,Human,"Young Adult",Heterosexual,False,False
922,"Professor's Daughter",Unknown,Female,Human,Child,Unknown,False,False
921,"Professor's Son",Unknown,Male,Human,Child,Unknown,False,False
920,"Professor's Wife",Unknown,Female,Human,Adult,Heterosexual,False,False
919,Professor,Unknown,Male,Human,Adult,Heterosexual,False,False
918,"Google Maps Girl (Satellite Images)",Unknown,Female,Unknown,Adult,Unknown,False,False
917,"Narrator (Satellite Images)",Unknown,Unknown,Human,Adult,Unknown,False,False
913,"Dancer (as.phyx.i.a)",Unknown,Unknown,Human,Adult,Unknown,False,False
886,"Monster (I'm going to die, and probably soon)",Unknown,Unknown,Unknown,Unknown,Unknown,False,False
885,"Girl (I'm going to die, and probably soon)",Unknown,Female,Human,Adult,Unknown,False,False
883,"Narrator (I'm going to die, and probably soon)",Unknown,Male,Human,Adult,Unknown,False,False
882,"Narrator (My Camera Knows Something)",Unknown,Unknown,Human,Adult,Unknown,False,False
880,"Cassandra Watergate",White,Female,Human,Adult,Unknown,False,False
876,"Benjamin Smith",Unknown,Male,Human,Adult,Unknown,False,False
874,"Narrator (I created an AI..)",Unknown,Unknown,Human,Adult,Unknown,False,False
871,Lily,White,Female,Human,"Young Adult",Heterosexual,False,False
870,Hannah,Unknown,Female,Human,"Young Adult",Unknown,False,False
869,Max,White,Male,Human,Child,Heterosexual,False,False
864,"Billy McBride",White,Male,Human,Adult,Heterosexual,False,False
862,Workers,Unknown,Unknown,Human,Adult,Unknown,False,True
858,Ollie,White,Male,Human,Adult,Unknown,False,False
857,"Mom (Slaughterbots)",White,Female,Human,Adult,Unknown,False,False
856,"Girls (Night Trap)",White,Female,Human,"Young Adult",Unknown,False,True
855,"Vampires (Night Trap)",Unknown,Unknown,Fictional,Adult,Unknown,False,True
853,Arisa,White,Female,Machine,Adult,Unknown,False,False
852,"Georgy Safronov",White,Male,Human,Adult,Heterosexual,False,False
841,"Cooperman McBride",Unknown,Unknown,Human,Adult,Unknown,False,True
840,"Donald Cooperman",White,Male,Human,Unknown,Heterosexual,False,False
836,"Surveillance Officer (Anon)",White,Male,Human,Adult,Unknown,False,False
834,"Cyrus Frear",White,Male,Human,Adult,Unknown,False,False
833,"Anon (Anon)",White,Female,Human,Adult,Unknown,False,False
832,"Sal Frieland",White,Male,Human,Adult,Heterosexual,False,False
822,"Congolese soldiers (Infra)",Black,Male,Human,Adult,Unknown,False,True
819,"Refugees (Incoming)",Immigrant,Unknown,Human,Unknown,Unknown,False,True
814,"Quinn`s Gary",White,Male,Machine,Adult,Unknown,False,False
813,"Quinn Ergon",Black,Female,Human,Adult,Unknown,False,False
811,"Gary Goodspeed",White,Male,Human,Adult,Heterosexual,False,False
808,"Ash Graven",Unknown,Female,Fictional,Adult,Unknown,False,False
807,Hue,Unknown,"Non-binary or Other",Machine,Unknown,Unknown,False,False
804,"The Flemming Family",White,Unknown,Human,Unknown,Unknown,False,True
803,"""Mood Killer""",White,"Non-binary or Other",Human,Adult,Unknown,False,False
800,"""Devin the Dude""",Black,Male,Human,Adult,Unknown,False,False
799,"""group_inou""",Asian,Male,Human,Adult,Unknown,False,True
794,"Anonymous woman",Unknown,Female,Human,Adult,Unknown,False,False
793,"""50 Cent""",Black,Male,Human,Adult,Heterosexual,False,False
792,"""Timbaland""",Black,Male,Human,Adult,Heterosexual,False,False
791,"""Gojira""",Unknown,Male,Human,Adult,Unknown,False,True
790,"""Bob Mould""",White,Male,Human,Adult,Unknown,False,False
789,"""John Mayer""",White,Male,Human,Adult,Unknown,False,False
788,"""Ingrid Michaelson""",White,Female,Human,Adult,Unknown,False,False
787,Tom,White,Male,Human,Adult,Unknown,False,False
786,Robinator,White,Male,Machine,Adult,Unknown,False,False
784,"Plastic surgeons",Unknown,Unknown,Human,Adult,Unknown,False,True
783,"Anonymous individual",Unknown,Unknown,Human,Unknown,Unknown,False,False
782,"""Paper""",White,Male,Human,Adult,Unknown,False,True
781,Infant,White,Unknown,Human,Child,Unknown,False,False
780,"Glad girls (Glad Girls)",Unknown,Female,Human,Adult,Unknown,False,False
779,"""Rob Pollard""",White,Male,Human,Adult,Unknown,False,False
778,"Smiling women (Cheese)",Complex,Female,Human,Adult,Unknown,False,True
776,Deer,Unknown,Unknown,Animal,Unknown,Unknown,False,False
773,"""Casino""",Black,Male,Human,Adult,Unknown,False,False
772,"Bikers (Terminator 2)",White,Male,Human,Adult,Unknown,False,True
771,"Inhabitants of Assimilation City",Unknown,Unknown,Human,Unknown,Unknown,False,True
770,Aliens,Unknown,Unknown,Fictional,Unknown,Unknown,False,True
769,"""Janelle Monáe""",Black,Female,Human,Adult,Bi-sexual,False,False
766,"Margaux Needler",White,Female,Human,Adult,Unknown,False,False
764,BTs,Unknown,Unknown,Fictional,Unknown,Unknown,False,True
759,"Therapist (U)",White,Female,Human,Adult,Unknown,False,False
758,"Emma Fisher",White,Female,Human,Adult,Unknown,False,False
751,"Sam Bridges",White,Male,Human,Adult,Other,False,False
750,"""Mr. Assange""",White,Male,Human,Adult,Unknown,False,False
748,"Mr./Ms. Howard",Unknown,Unknown,Human,Adult,Unknown,True,False
735,"Sarah Connor",White,Female,Human,Adult,Unknown,False,False
734,"Kyle Reese",White,Male,Human,Adult,Unknown,False,False
732,"John Connor",White,Male,Human,Child,Unknown,False,False
730,"Terminator T-800 ""Model 101""",White,Male,Machine,Adult,Unknown,False,False
726,"The Hawke family",White,Unknown,Human,Adult,Unknown,False,True
723,Weaver,Black,Male,Human,Adult,Unknown,True,False
722,Midas,"Person of Colour",Male,Human,Adult,Unknown,True,False
721,Holt,White,Male,Human,Adult,Unknown,True,False
720,Nomad,White,Male,Human,Adult,Unknown,True,False
718,"Miles Upshur",White,Male,Human,Adult,Unknown,False,False
714,"Google Driver",Unknown,Male,Human,Adult,Unknown,False,True
713,"UAV operator (Unmanned)",White,Male,Human,Adult,Unknown,False,False
710,"Immigrant group (The Virtual Watchers)",Immigrant,Unknown,Human,Unknown,Unknown,False,True
708,"Amanda Ripley",White,Female,Human,Adult,Unknown,False,False
706,"Poppy Gardner",White,Female,Human,"Young Adult",Unknown,False,False
692,MPU,Unknown,Unknown,Machine,Unknown,Unknown,False,False
691,"Radical Ed",White,Female,Human,"Young Adult",Unknown,False,False
690,"AR girl",White,Female,Human,Adult,Unknown,False,False
686,"US+ Office worker",White,Male,Human,Adult,Unknown,False,False
685,"Us+ Daughter","Person of Colour",Female,Human,Adult,Unknown,False,False
684,"Alan Partridge",White,Male,Human,Adult,Unknown,False,False
677,"Zoe Foster",Unknown,Female,Human,Child,Unknown,False,False
674,Mercer,White,Male,Human,Adult,Heterosexual,False,False
673,"Mae Holland",White,Female,Human,Adult,Heterosexual,False,False
664,Sergeant,Unknown,Male,Machine,Adult,Unknown,False,False
663,"William Foster",Complex,Male,Human,Adult,Heterosexual,False,False
661,"Woman in Tony Stark's bedroom",White,Female,Human,Adult,Heterosexual,False,False
660,"Vivienne Rook",White,Female,Human,Adult,Unknown,False,False
653,"Rushdi Mannan","Person of Colour",Male,Human,Adult,Homosexual,False,False
650,"Adult Tokyo population",Asian,Unknown,Human,Adult,Unknown,False,True
649,Namahage,Unknown,Unknown,Fictional,Unknown,Unknown,False,False
644,"Big Sister Shen",Asian,Female,Human,Adult,Unknown,False,False
633,"Homer Simpson",Unknown,Male,Human,Adult,Heterosexual,False,False
632,"The Simpsons family",Unknown,Unknown,Human,Unknown,Unknown,False,True
626,Leela,Unknown,Female,Fictional,Adult,Unknown,False,False
625,"Zapp Brannigan",White,Male,Human,Adult,Unknown,False,False
622,"Navn Ukjent",Immigrant,Male,Human,Adult,Heterosexual,False,False
621,Nilin,"Person of Colour",Female,Human,Adult,Unknown,False,False
570,"Wreck-It Ralph",White,Male,Human,Adult,Unknown,False,False
571,Vanellope,Complex,Female,Human,Child,Unknown,False,False
566,"""Tom Cruise""",White,Male,Human,Adult,Unknown,False,False
563,Abi,White,Female,Human,Adult,Unknown,False,False
562,Bing,"Person of Colour",Male,Human,Adult,Unknown,False,False
561,"Joe Potter",White,Male,Human,Adult,Heterosexual,False,False
559,"Liam Foxwell",White,Male,Human,Adult,Heterosexual,False,False
558,Kenny,White,Male,Human,"Young Adult",Unknown,False,False
545,"Amanda (Someone to Watch Over Me)",Unknown,Female,Human,Adult,Heterosexual,False,False
544,"""Kim Kardashian""  (No More Selfies)",White,Female,Human,Adult,Heterosexual,False,False
543,"Sunita (No More Selfies)","Person of Colour",Female,Human,Adult,Heterosexual,False,False
541,"Ellie (Selfies)",Unknown,Female,Human,"Young Adult",Heterosexual,False,False
538,"Hayley (Thoughts and Prayers)",Unknown,Female,Human,"Young Adult",Unknown,False,False
533,"Lia Kahn",White,Female,Human,"Young Adult",Heterosexual,False,False
524,"Rita (U)",White,Female,Human,Adult,Unknown,False,False
523,"Alex (U)",Asian,Female,Human,Adult,Unknown,False,False
521,"Call (U)",White,Male,Human,Adult,Unknown,False,False
520,"Asuna Yuuki",Asian,Female,Human,"Young Adult",Heterosexual,False,False
517,"Kazuto Kirigaya",Asian,Male,Human,"Young Adult",Heterosexual,False,False
516,"Brian Gragg",White,Male,Human,Adult,Heterosexual,False,False
512,Guppy,Unknown,Unknown,Animal,Unknown,Unknown,False,False
493,"Max Zorin",White,Male,Human,Adult,Unknown,False,False
492,"James Bond (Roger Moore)",White,Male,Human,Adult,Heterosexual,False,False
489,"Edith Lyons",White,Female,Human,Elderly,Unknown,False,False
484,Catherine,White,Female,Human,Adult,Unknown,False,False
483,Ashley,White,Female,Human,"Young Adult",Unknown,False,False
480,Rachel,White,Female,Human,"Young Adult",Unknown,False,False
479,"Ashley too",Unknown,Female,Machine,Adult,Unknown,False,False
478,"Danny Parker",Black,Male,Human,Adult,Bi-sexual,False,False
477,"Karl Houghton",Black,Male,Human,Adult,Bi-sexual,False,False
464,"Peter Parker",White,Male,Human,"Young Adult",Heterosexual,False,False
461,Mysterio,White,Male,Human,Adult,Unknown,False,False
455,Jarvis,Unknown,Male,Machine,Adult,Heterosexual,False,False
453,"Tony Stark",White,Male,Human,Adult,Heterosexual,False,False
445,"""Lauren McCarthy""",Unknown,Female,Human,Adult,,False,False
439,"Ghost (Breathe)",Unknown,Female,Fictional,Adult,Unknown,False,False
437,Flo,Unknown,Female,Human,"Young Adult",Heterosexual,False,False
433,Miranda,White,Female,Human,Adult,Heterosexual,False,False
435,"Charlie Friend",White,Male,Human,Adult,Heterosexual,False,False
434,Adam,White,Male,Machine,Adult,Heterosexual,False,False
421,"""Earl Sweatshirt""",Black,Male,Human,Adult,Unknown,False,False
419,Lizzie,Black,Female,Human,"Young Adult",Unknown,False,False
418,"Stephanie Flemming",White,Female,Human,Adult,Unknown,False,False
411,"Bethany Bisme-Lyons","Person of Colour",Female,Human,"Young Adult",Unknown,False,False
408,"Asuka Soryu Langley",Complex,Female,Human,"Young Adult",Heterosexual,False,False
406,"Rei Ayanami",Asian,Female,Fictional,"Young Adult",Unknown,False,False
403,"Shinji Ikari",Asian,Male,Human,"Young Adult",Heterosexual,False,False
399,Hope,White,Female,Human,"Young Adult",Unknown,False,False
397,Carl,Unknown,Male,Human,Adult,Heterosexual,False,False
384,"""Jeremy Bailey""",White,Male,Human,Adult,Unknown,False,False
325,"Mare Barrow",Unknown,Female,Human,"Young Adult",Heterosexual,False,False
319,"""Jake Wells""",White,Male,Human,Adult,Unknown,False,False
308,Markus,"Person of Colour",Male,Machine,Adult,Unknown,False,False
305,Connor,White,Male,Machine,Adult,Unknown,False,False
292,"Yusuke Sakaki","Person of Colour",Male,Human,Adult,Unknown,False,False
288,"Rose Weil",White,Female,Human,Adult,Unknown,False,False
284,"John Nada",White,Male,Human,Adult,Unknown,False,False
280,Tun,Asian,Male,Human,Adult,Unknown,False,False
277,Aloy,Indigenous,Female,Machine,"Young Adult",Unknown,False,False
269,"""Joy Buolamwini""",Black,Female,Human,Adult,Unknown,False,False
265,"John Anderton",White,Male,Human,Adult,Heterosexual,False,False
262,"Jerome Holm",White,Male,Human,"Young Adult",Unknown,False,False
261,"Mary Holm",White,Female,Human,"Young Adult",Unknown,False,False
260,"Flem Lever",White,Male,Human,"Young Adult",Unknown,False,False
259,"Ernest Holm",White,Male,Human,Adult,Unknown,False,False
256,"Ted Pikul",White,Male,Human,Adult,Heterosexual,False,False
255,"Allegra Geller",White,Female,Human,Adult,Heterosexual,False,False
247,"Spider Jerusalem",White,Male,Human,Adult,Heterosexual,False,False
245,"One Esk Nineteen",Unknown,Female,Cyborg,Adult,Unknown,False,False
242,"Pete Sebeck",Unknown,Male,Human,Adult,Heterosexual,False,False
241,"Winston Smith",White,Male,Human,Adult,Heterosexual,False,False